,close,h_o,pct_chng,RSI,ATR,EMA_20
19,2582.8,0.007743531150863659,0.08912997902346023,51.459882913708846,6.511030839084843,2577.94
20,2579.0,0.22877075270618702,-0.14712709186655037,47.383507876221266,6.467385779150218,2578.0409523809526
21,2575.5,0.21355068392518578,-0.13958352154490689,43.93165678247556,6.4197153663537865,2577.7989569161
22,2575.5,0.11648219123191954,-0.011646862471137399,43.93165678247556,6.268307125899958,2577.580008638376
23,2581.9,0.08133541913496717,0.2484953412947652,51.434621705263496,6.427713759764247,2577.991436387102
24,2583.6,0.054187933817957605,0.06584295834735018,53.225150154100966,6.254305634066801,2578.525585302616
25,2570.0,0.7392993232298353,-0.6609714889368412,40.39443960822599,7.793283803062043,2577.713624797605
26,2572.7,0.2371048948167845,0.10895361338820939,43.315929455138956,7.99376353141478,2577.2361367216427
27,2573.5,0.08160090087394212,0.027207700867646505,44.18880006751408,8.10849470774229,2576.8803141767244
28,2574.9,0.10097475592265134,0.031078811592869973,45.76281453122332,7.98645937147499,2576.69171282656
29,2572.8,0.0816231026029572,-0.08155653362983309,43.76880165867679,7.823140844941082,2576.3210735097446
30,2575.3,0.16308773226895876,0.09717036024161992,46.743826438203634,7.764345070302433,2576.2238284135783
31,2573.1,0.08549994733981577,-0.07378637911208931,44.512013239802904,7.516891850995129,2575.9263209456185
32,2576.6,0.16688652996720024,0.11656818597754663,48.70781381135698,7.644256718781205,2575.99048085556
33,2590.0,0.11583007110808063,0.5200650003628846,60.898555068951644,8.298238381725417,2577.324720774078
34,2590.9,0.04245627293362073,0.03474902133242771,61.5593878720602,8.362649925887874,2578.61760450988
35,2591.2,0.02315528590797718,0.011578983527341536,61.791194407967495,8.036746359753039,2579.8159278898916
36,2588.8,0.11588376240583959,-0.09262114363183852,58.73950496893501,7.734121619770692,2580.67155380514
37,2591.0,0.019297561058448064,0.08498142576427534,60.65760251181472,7.617398646929922,2581.6552153475077
38,2592.3,0.06557880431322666,0.05017365875197199,61.78802577353791,7.401870172149207,2582.6690043620306
39,2591.5,0.06174028101860308,-0.05013882669746663,60.63344629154723,7.123165159852834,2583.510051565647
40,2583.0,0.32907459191847,-0.3203024272363643,49.95289234335024,7.278653362720502,2583.4614752260613
41,2585.9,0.030936992560802873,0.09289719647873527,52.995097093313014,7.08017812252618,2583.693715680722
42,2583.3,0.13548556672257703,-0.09668184055926964,50.05720342729807,6.910165399488615,2583.6562189492247
43,2583.8,0.038702670987432845,0.019355080960368146,50.62409085539783,6.759439299525155,2583.669912382632
44,2584.3,0.023217109771652332,0.027093966908987605,51.2203666549673,6.626622206701937,2583.729920727143
45,2588.4,0.05022405724614259,0.15865025010631145,55.92105839280519,6.731863477651792,2584.174690181701
46,2586.9,0.06185006693336578,-0.05795083528402283,53.8755237853779,6.701016086390963,2584.4342434977293
47,2588.7,0.0695329433565399,0.08118762808797758,55.95747060231777,6.829514937363037,2584.840506021755
48,2581.0,0.36419978140264536,-0.3128499042717881,46.32465437236819,7.084549584694254,2584.474743543493
49,2575.9,0.21739965938131584,-0.2014644138295951,41.258558704003235,7.328510328644664,2583.6581013012556
50,2571.7,0.2605279540662104,0.4570310714722306,37.61071221169478,8.119331019455766,2582.5192345106598
51,2574.0,0.08547005226492989,0.07776046743372184,40.70258415263473,7.9608073752088995,2581.707878842978
52,2582.2,0.050344647841131726,0.30298310170015186,50.181759458446095,8.113606848408256,2581.754747524599
53,2589.5,0.13516117584044185,0.27493793566529395,56.80224254544448,8.362634930664802,2582.4923906174945
54,2587.6,0.12753125385251365,-0.07337320974195764,54.76238846745355,8.179589578474472,2582.9788296063043
55,2584.8,0.20117602863817435,-0.09662578880462688,51.80959590778519,8.052476037154873,2583.152274405704
56,2587.4,0.15846016910405109,0.10058801431908718,54.27508703366494,8.241584891643798,2583.5568197003986
57,2586.3,0.13532840918361783,-0.04251370390596235,53.038740825172525,7.995757399383541,2583.8180749670273
58,2588.4,0.05022405724614259,0.07732752964447508,55.13967886211665,7.724631870856132,2584.2544487796913
59,2597.9,0.003849261384475738,0.3825346280778133,63.16743951278504,8.130015308652128,2585.5540250863874
60,2601.7,0.04996730984844845,0.14627193261020058,65.80351690033082,7.913585643748398,2587.0917369829217
61,2605.8,0.042213507478119354,0.15758920798356013,68.42894586033414,7.841186669194948,2588.8734763178813
62,2601.9,0.15757709459352637,-0.11900187370369182,63.43958842106547,7.702530478538172,2590.1140976209404
63,2601.4,0.13838696917545232,-0.019216718852869498,62.80731478232007,7.602349730071173,2591.188945466565
64,2599.1,0.10003458888284483,-0.08841389697321488,59.85224540451024,7.523610463637517,2591.9423792316543
65,2600.2,0.02307513919117652,0.04232232606581695,60.80212703449852,7.18620971623485,2592.7288193048303
66,2603.8,0.057608089097438704,0.13845083514698917,63.81916844483826,7.051480450789517,2593.783217466275
67,2603.4,0.06145806965580442,-0.03839654492530144,63.236756158796204,6.833517561447408,2594.6991015171056
68,2605.1,0.042224850399270854,0.092211898331775,64.71074921720695,6.773980592772594,2595.6896632773814
69,2602.1,0.16909412816797237,-0.11899273798835135,60.12908531346459,6.7044105504317075,2596.3001715366786
70,2604.3,0.015359207710615483,0.07685506019480451,62.24043372611136,6.561238368258001,2597.062059961757
71,2603.7,0.08833579585367836,-0.02687758144772148,61.28722735980675,6.378292770525286,2597.6942447273036
72,2608.0,0.049846606653915465,0.15360977203925805,65.37937350086276,6.408414715487779,2598.675745229465
73,2609.9,0.1570940813463771,0.07285273280186974,67.03738793180563,6.507813664381522,2599.7447218742777
74,2609.9,0.11494688879003455,0.003831709774036758,67.03738793180563,6.39296983121142,2600.7118912195847
75,2560.6,0.7576346334317643,-0.7519376930474092,27.46113952253748,9.636329128982045,2596.891711103434
76,2574.9,0.11650933375690947,0.5506089696153629,38.755429507435494,10.440877048340477,2594.7972624269164
77,2569.4,0.38919576975333936,-0.23297342821564485,36.407472853478914,10.509385830601877,2592.378475529115
78,2565.0,0.24561393933180461,-0.18290065653551982,34.60143716260803,10.308715414130333,2589.771001669199
79,2562.8,0.12096140121686813,-0.08187450509785403,33.70124257855077,9.929521455978167,2587.202334843561
80,2562.0,0.11709597303045548,-0.02731493061421594,33.36135295774864,9.577412780551155,2584.8021124775073
81,2562.1,0.12489749623454628,-0.023412797669330486,33.45170201763325,9.271883296226084,2582.6400065272687
82,2554.6,0.2975024279721142,-0.26158581127326586,30.15004895788026,9.266748775067066,2579.969529715148
83,2554.1,0.09005125482509038,0.003915425248459536,29.937906271277438,8.990552433990853,2577.505764980372
84,2536.7,0.689872397259275,-0.685145765740441,23.690745332064377,9.705512974420078,2573.619501648908
85,2534.9,0.1893565074138882,-0.0709583037180861,23.152515950067265,9.619404904818643,2569.931930063298
86,2517.6,0.7189383861858932,-0.6785542533713799,18.744683553770805,10.325161697331596,2564.947936723936
87,2507.8,0.48249442439810447,-0.40112776475325707,16.794165537763888,10.751935861807924,2559.505276083561
88,2508.9,0.2032762552209078,0.03189664212087878,17.827755529349947,10.619654728821649,2554.6857259803646
89,2515.4,0.09938773181691507,0.22711868864060988,23.847576798279878,10.525393676762972,2550.944228267949
90,2523.3,0.0435936893775221,0.3459793422495367,30.51065742451945,10.587865556994194,2548.311444623382
91,2529.3,0.063258584091016,0.2616243462859992,35.15153272720297,10.56016087435177,2546.5008308497268
92,2530.0,0.06324108172288899,0.015812770472501035,35.69114762207249,10.191577954755221,2544.9293231497527
93,2549.5,0.06275737879686687,0.7707506834977536,48.53789098307713,11.135036672272713,2545.364625706919
94,2543.6,0.5975780006376893,-0.25098029373322167,45.57156859245222,11.496819767110397,2545.1965661157838
95,2542.3,0.2242063390605525,-0.06682387310381631,44.92015810204149,11.23990406945966,2544.920702676185
96,2544.6,0.15719556818534614,0.08259583772041423,46.3804939515281,10.937053778783971,2544.8901595641673
97,2545.0,0.007858543081115414,0.015719556818538188,46.64543453455687,10.327264223156519,2544.9006205580563
98,2538.5,0.24817796014262677,-0.24756356194453638,42.933030212952275,10.075316778645353,2544.2910376477653
99,2535.3,0.18143802254643168,-0.11818929275921176,41.19479026149293,10.062794151599263,2543.4347483479783
100,2536.8,0.5597601073162545,0.3084221793506678,42.372594776057,11.672594569342166,2542.8028675529326
101,2536.0,0.11435326721086037,-0.02759489589036383,41.890693174709206,11.460266385817745,2542.1549754050343
102,2542.2,0.04326959197956274,0.24052669826635092,46.92828332618911,11.391675929687906,2542.1592634616977
103,2547.0,0.1570474452110541,0.18881276500167304,50.5056771627533,11.470841934710197,2542.620285989155
104,2551.3,0.13718491075729597,0.1688260036018903,53.52777804739879,11.33721036794521,2543.4469254187593
105,2554.9,0.16047588536698326,0.14110447963607228,55.95266733070455,11.234552484520558,2544.5376944264967
106,2557.9,0.043004009928449494,0.11742137953681961,57.9230308730643,10.996370164197668,2545.8102949573067
107,2552.5,0.2742408328145611,-0.21111059419422762,53.30113267655627,10.889486581040691,2546.4474097232774
108,2554.3,0.11353399618915844,0.07051907129517998,54.60152323254446,10.511666110966349,2547.195275463918
109,2554.3,0.11744896157500621,0.0,54.601523232544444,10.153689960183039,2547.8719158959257
110,2552.3,0.10578689582458407,-0.09785497970292009,52.71010236236406,9.714140677312823,2548.293638191552
111,2549.3,0.20397748245498734,-0.12145426992074948,49.91687218657414,9.463130628933325,2548.389482173309
112,2545.2,0.23573776687970815,-0.19606297699671515,46.30534201658721,9.415764155438069,2548.085721966327
113,2542.3,0.12980366998241857,-0.11393992065851132,43.88667867545216,9.214638144335343,2547.5347008266767
114,2536.5,0.27202827832514515,-0.2281397836054889,39.44864038798033,9.227878276882823,2546.4837769384217
115,2534.9,0.10256810818252501,-0.0709583037180861,38.298073347884745,8.833029828534036,2545.3805600871433
116,2540.2,0.14959446122571332,0.20908114360283603,44.11284253588402,8.966384840781592,2544.887173412177
117,2532.5,0.30404726394974046,-0.30312561879945005,38.44437004719033,8.918785923582886,2543.7074426110175
118,2531.3,0.10666451757415724,-0.05527695531370012,37.63276940301903,8.596015500469829,2542.525781409968
119,2527.2,0.1622348202616398,-0.161972045205227,34.920241776045664,8.360585821864854,2541.0661831804473
120,2525.0,0.1861385401431452,-0.0870528303842796,33.523917583536026,8.177686834588773,2539.536070496595
121,2520.0,0.2936506771227507,-0.19801972355654512,30.5354700394037,8.186423489261015,2537.675492354062
122,2524.7,0.019804325343872404,0.18650786249687273,36.285154896075305,8.115964668599501,2536.4397311774846
123,2522.5,0.1744300596907629,-0.08713903151303136,34.83181706967275,7.900538620842387,2535.11213773201
124,2518.2,0.18664117757082427,-0.14275511826668177,32.12354943430273,7.807643005067924,2533.501457948009
125,2474.7,1.2243903404896261,-0.534565701541124,17.39159536418356,10.528525647563047,2527.9013190958176
126,2471.6,0.1982520641478981,-0.12526765859794411,16.800291433401036,10.362202387022817,2522.5392887057396
127,2464.8,0.30428419981978255,-0.27915997930168884,15.551272085999967,10.736330787949784,2517.0403088290027
128,2460.2,0.34143551685411444,-0.18662764255614805,14.752275424616116,11.012307160239079,2511.6269460833832
129,2459.9,0.11789092325260613,-0.012194125601921435,14.69923318773478,10.94714236307917,2506.700570265918
130,2447.0,0.6824680496656853,-0.5122782109781183,12.601135773192668,11.408060765716346,2501.0148016691637
131,2439.0,0.4182040105764539,-0.31878358722267075,11.504450967341095,11.46462785387945,2495.108630081624
132,2439.9,0.22951750911204627,0.03279896978436653,12.427820414593812,11.388583007173782,2489.8506653119457
133,2430.4,0.39499654583749383,-0.38527732384731744,11.110060545972642,11.28939850666137,2484.1886971869985
134,2423.9,0.28466509151983066,-0.26334186588410613,10.304939482529598,11.140155756185576,2478.4469165025225
135,2409.6,0.6806106073163187,-0.5940591608666865,8.794915637975052,11.773001773600893,2471.890067311806
136,2412.9,0.09946533239449486,0.13695213439902215,11.99960235261652,11.41778736120084,2466.2719656630625
137,2410.8,0.17421595560976694,-0.09117277614057424,11.717446192299311,11.030802549686495,2460.9889213141996
138,2404.1,0.45755149222100067,-0.2861881849074343,10.841546991490793,11.035745224708881,2455.5709288080852
139,2402.2,0.13737401657896994,-0.08318772016150064,10.5995706437098,10.554620565801116,2450.487983207315
140,2395.9,0.2712966854640487,-0.26225948619618955,9.817152637905185,10.615004811101043,2445.2891276637615
141,2397.7,0.15848514889889032,0.0751283128977252,11.819952397543949,10.378218753165267,2440.7568297910225
142,2391.9,0.24666572738587805,-0.24605878469481374,10.974230027384996,10.11548884222491,2436.1037983823535
143,2395.8,0.1920025912001835,0.16723799346183063,15.359646620080644,10.021525353494571,2432.2653413935577
144,2393.0,0.24237348835208097,-0.1210400596685794,14.796111708577758,10.01998782824496,2428.525785070362
145,2398.1,0.20849830761923704,0.2047466969970383,20.5163513732846,10.13284584051317,2425.628091254137
146,2400.0,0.04583331423611527,0.08340280091626316,22.601118749529185,9.973356851905093,2423.187320658505
147,2398.7,0.22095292410351194,-0.054166644097239196,22.172598997556108,9.703831362483287,2420.8551948815048
148,2396.0,0.1878129433168016,-0.11672498052152644,21.27056077066861,9.617843408020194,2418.4880334642185
149,2401.0,0.08329859087938737,0.2170464074436824,27.178787704494393,9.530854593161617,2416.822506467626
150,2423.9,0.202153470789446,1.1264545344175667,46.85139892688746,11.128650693650078,2417.4965534707094
151,2428.8,0.045289836425458856,0.202153470789446,49.96608224024834,11.419461358389379,2418.573072187785
152,2430.2,0.3621099653897016,0.057641609996028326,50.852302900266096,11.346642689933002,2419.680398646091
153,2427.5,0.14006173426911422,-0.11110192119910321,49.04796142000795,11.05759678350923,2420.4251225845583
154,2436.6,0.07797747764201406,0.39554989882574865,54.861227058805774,11.08919701325857,2421.9655871003147
155,2434.6,0.21769480912889552,-0.08208155541264245,53.4186959991157,10.92568294088297,2423.168864519332
156,2435.6,0.13549017265143928,0.032856894670230834,54.06900563791945,10.473848445105608,2424.3527821841576
157,2439.9,0.2500101438541936,0.17654780072763074,56.85808641594823,10.518573556169486,2425.8334695951903
158,2435.3,0.31207641273090714,-0.19262287187586472,53.14054905558396,10.488675445014517,2426.735043919458
159,2438.3,0.02870851465835506,0.11907689945105922,55.19790543394888,10.325198627513467,2427.836468308081
160,2443.1,0.03683842788325538,0.19274926478457882,58.34887179918209,10.301970154119648,2429.2901379930254
161,2449.9,0.04489977350104796,0.27833478845124215,62.38494898280855,10.201829428825393,2431.2529819936894
162,2450.4,0.0652954353185421,0.020408987955023484,62.67138023415919,9.894555898195014,2433.0765075181
163,2448.7,0.11843013908190879,-0.06937640002596605,60.97138232634796,9.744944762609636,2434.564459183043
164,2448.9,0.1225039313553304,0.008167595798763215,61.10505359273808,9.341734422423228,2435.929748784658
165,2449.1,0.073496356418138,0.008166928757014599,61.24798703176765,9.017324820821582,2437.1840584242145
166,2445.0,0.20449889386548306,-0.16740836739684925,56.651846689432276,8.908944476477183,2437.9284338123844
167,2444.7,0.1881620697173341,-0.012269933631936424,56.318821486830494,8.629734156728812,2438.5733448778715
168,2446.4,0.04905164770615356,0.06544499940894612,57.83155680884641,8.406181716962468,2439.3187406037887
169,2447.7,0.057196528497561225,0.057229261648490355,59.000847767352994,8.112883022893701,2440.11695578438
170,2443.7,0.17596260753669052,-0.15933969629854258,54.03585757892168,8.047677092686994,2440.4581980906296
171,2454.6,0.17925520278041485,0.44604474933717714,63.138783297036404,8.672843014637936,2441.8050363677125
172,2450.1,0.3061098297580385,-0.18332918466178413,58.029268811686904,8.710497085020927,2442.5950329041207
173,2447.8,0.08987658718988259,-0.08979588171595922,55.55467434319977,8.54546157894801,2443.090744056109
174,2448.0,0.2818626299580797,0.008170598835437115,55.73145673824978,8.68507146616601,2443.5582922412414
175,2459.5,0.32933509683467943,0.6342059598175287,64.48004302925006,10.186137790011283,2445.076550123028
176,2459.0,0.028466844869108148,-0.024394200522764017,63.888856389928904,9.801413662153314,2446.402592968454
177,2476.5,0.012113865490067715,0.7116711217278886,73.1631931284744,10.65845554342809,2449.269012685744
178,2479.0,0.32271064029421526,0.12116311746239196,74.1832623027743,10.797137290326077,2452.100535287102
179,2481.2,0.00806061258238542,0.08874542608090186,75.08089482966803,10.3473417695885,2454.8719128788066
180,2473.1,0.3396545470645999,-0.32645480958616047,65.98418949435931,10.458245928903613,2456.607921176063
181,2471.8,0.20228165616892296,-0.05256558466474791,64.63075593956144,10.125514076839082,2458.054785825962
182,2467.9,0.16613308232380103,-0.1658575380835165,60.61399573961751,9.92369164277916,2458.9924252711085
183,2464.5,0.24345699190221468,-0.13776889753681734,57.27220270475877,9.814856525437799,2459.5169561976695
184,2468.1,0.11749924334539352,0.1460741951413251,59.79944538433588,9.8280810593351,2460.334388940749
185,2460.0,0.3902437438033524,-0.3403012719570317,52.30337949816776,10.004646697954001,2460.302542374963
186,2452.9,0.32614443061501464,-0.2886177688545618,46.76918914878711,10.168600505243015,2459.5975383392524
187,2451.0,0.23255804465195312,-0.07745930227106967,45.3852437703236,10.02084332629708,2458.7787251640857
188,2444.6,0.2740733559382604,-0.2651869506805309,40.98574684163987,9.790783088704444,2457.4283703865535
189,2437.9,0.2953360288215074,-0.29038842928898223,36.947834823200445,9.670012868082692,2455.5685255878343
190,2439.8,0.17214518725091996,0.061518245696491114,38.789511243247084,9.700726234648206,2454.0667612461357
191,2436.2,0.2257613390684923,-0.15164549709190137,36.60768968992218,9.400674360744762,2452.36516493698
192,2434.5,0.12322853841505918,-0.09438604137146125,35.58966132340258,9.45062619212013,2450.6637206572677
193,2435.0,0.07802871538862165,0.01232184157316163,36.15205476773602,9.268438606968699,2449.171937737528
194,2434.7,0.05339464681700882,-0.016426423380389188,35.94923501272213,8.934978706470927,2447.7936579530015
195,2434.5,0.07393712304904297,-0.008214561048761967,35.80501863078144,8.661051656008743,2446.527595290811
196,2440.5,0.0,0.24233950450197345,43.17055375744326,8.478119394865255,2445.953538596448
197,2448.6,0.08167929360479718,0.33189906498706245,51.29502337619283,8.693968009517736,2446.2055825396437
198,2442.3,0.31527645445830865,-0.2572897748551,45.80950800684228,8.68725600883789,2445.8336222977728
199,2450.7,0.0,0.3398295365912365,53.02307701721642,8.6667377224923,2446.297086840842
200,2452.9,0.2731459606400673,0.0775193482173239,54.72301347887984,8.904827885171422,2446.9259357131427
201,2461.8,0.12998613616615712,0.33829209770039553,60.88895683874254,9.475911607659183,2448.342513264272
202,2463.4,0.7144593998297438,0.06499306808307856,61.89365131250648,10.227632207112098,2449.7765596200557
203,2474.0,0.02425221331761422,0.4302994112610942,67.79588670221194,10.34708704946124,2452.083553941955
204,2472.9,0.07683283722235912,-0.0444623910822958,66.64232499223938,9.993723688785446,2454.0660726141496
205,2472.5,0.14560155890735368,-0.016175334152078506,66.20120638243213,9.879886282443636,2455.8216847461354
206,2480.0,0.0,0.3033365810569945,70.18604540002005,10.017037262269103,2458.1243814369795
207,2479.7,0.245997400493058,-0.008064838072175978,69.83139132718176,9.937248886392746,2460.179202252505
208,2473.3,0.4083611335619849,-0.28222381073909975,62.56784398893893,10.191731108793265,2461.428802037981
209,2475.8,0.08886013051936799,0.10107948850544271,64.13708060885305,9.835178886736589,2462.797487558173
210,2477.4,0.012109464717247113,0.06462554946863293,65.14420528852712,9.389808966255398,2464.1882030288234
211,2481.1,0.09673124955413305,0.1453077112784176,67.4225582230504,9.297679754380008,2465.7988503594115
212,2482.0,0.04029007240528911,0.03224245032950502,67.97098054532822,8.847845486210007,2467.3418169918486
213,2485.1,0.036215831871625775,0.12086534754226358,69.85349771039957,8.63014223719502,2469.0330725164345
214,2485.5,0.04425667098906454,0.012071458203991624,70.09771848719112,8.127989220252513,2470.601351324393
215,2485.3,0.048283889959397995,-0.004023495604930916,69.79326993625945,7.783132847377346,2472.001222626832
216,2483.9,0.161037013955065,-0.05230965221725434,67.5806090778607,7.527194786850413,2473.1344395195147
217,2473.4,0.36387144664371035,-0.3384638816730306,53.80350795390404,7.87525230207539,2473.1597309938466
218,2476.1,0.040386074719892286,0.10511416813657681,56.27212253777984,7.634162851927148,2473.4397566134803
219,2469.6,0.28344659724384624,-0.2584813172531065,49.42476256988758,7.746008362503767,2473.0740655074346
220,2470.0,0.07287446442330112,-0.004048417453371706,49.829348634777936,7.514150622324927,2472.7812973638693
221,2478.3,0.012105067140743884,0.3279085386169127,57.437853114370554,7.698854149301711,2473.3068880911196
222,2473.9,0.20615214594278058,-0.18559605180711683,52.86122085223195,7.627507424351577,2473.3633749395844
223,2473.5,0.22639974675570815,-0.028291961728243505,52.45205224818604,7.5183997511836,2473.3763868501
224,2465.0,0.4097361420948676,-0.3476712695378078,44.55901251840258,7.7027997689561944,2472.5786357215193
225,2455.8,0.9447019526419206,-0.9358608568532168,37.90958288323799,9.152599785459325,2470.980670414708
226,2470.0,0.2712549509089194,0.5741273772843412,50.24993813811276,10.048842657926501,2470.887273232355
227,2474.3,0.14549563694958326,0.17408899834454242,53.27816083101986,10.173925325217478,2471.2122948292736
228,2471.0,0.15378383092520728,-0.1172237692615869,50.72629691103948,9.904359230559093,2471.1920762741047
229,2469.8,0.12146727610847997,-0.04856331502900315,49.792348500637345,9.896904999804885,2471.059497581333
230,2462.6,0.3086167836364847,-0.2874841934306991,44.49850517744884,9.775697499818808,2470.2538311450153
231,2454.1,0.34228420101699525,-0.32087720516767015,39.19986791388459,9.763147678403172,2468.715371035966
232,2453.1,0.26904721819443667,-0.036674801681013613,38.61727374213817,9.544351415660076,2467.228192842065
233,2445.1,0.44578935594071945,-0.32611784023568535,34.23386350902951,9.648326314541501,2465.1207459047255
234,2441.0,0.1761572404108061,-0.17584747235617132,32.21561130144038,9.480588720645693,2462.8235320090375
235,2452.8,0.04484668752173164,0.48340824112731545,42.688044164518196,9.83197524059958,2461.8689099129388
236,2457.1,0.03255869416846039,0.17530977849404525,45.96424314988066,9.515405580556758,2461.4147280164684
237,2460.5,0.016256851754991804,0.1383744502159289,48.47242979162852,9.357162324802715,2461.327611062519
238,2473.0,0.03639303016861258,0.5284550697337114,56.471944756232574,9.681650730173956,2462.4392671518026
239,2470.1,0.17003353304177735,-0.08898592849334577,54.36330443470071,9.40438996373297,2463.168860756393
240,2468.7,0.14177496586261357,-0.05263155763905285,53.328066162841424,9.461219252037747,2463.6956359224505
241,2470.3,0.10929842152838126,0.0769729067521886,54.396888635673015,9.19256073403504,2464.3246229774554
242,2480.8,0.012092868392093002,0.4535145555901651,60.74945828457449,9.407377824461093,2465.893706503412
243,2482.8,0.048332508324260295,0.08061912261402668,61.83986921300655,9.128279408428158,2467.503829693563
244,2480.4,0.3064020696653448,-0.09264103893298979,59.69667936224643,9.04054516496901,2468.732036389414
245,2474.8,0.290932483056206,-0.22174727986643555,54.91435086450659,9.059077653185524,2469.3099376856603
246,2490.0,0.036144563797367586,0.6507940293487858,63.468821781419315,9.626286392243701,2471.2804198108356
247,2476.1,0.6017525133263987,-0.5702121952326353,53.476358734507635,10.067265935654879,2471.739427447899
248,2473.0,0.24666387114279004,-0.16954619346592456,51.5279219505825,10.119604083108083,2471.8594819766704
249,2474.8,0.12930332580275414,0.07278606033722516,52.60768365959784,9.825346648600362,2472.1395313122257
19,1071.05,0.03267818245817766,0.03736044705509672,58.54553685041527,2.615964224090344,1069.4575
20,1074.4,0.009307511813550903,0.31277688924244845,66.32655784230495,2.721966779512456,1069.9282142857144
21,1079.8,0.009260965677947736,0.4932522166103107,74.60210404371128,2.934683438118712,1070.8683843537415
22,1080.0,0.08333325617291938,0.02778547023666316,74.84864634066176,2.921491763967375,1071.7380620343374
23,1080.0,0.1990738897464068,-0.02777003816528491,74.84864634066177,2.994956637969709,1072.5249132691624
24,1080.3,0.06479675571901215,0.027777752057632776,75.26632565025712,2.952459735257593,1073.2653977197183
25,1100.6,0.24532051124794962,1.8791059158512262,88.809077955897,4.702284039882054,1075.8686931749833
26,1103.0,0.26745216006150907,0.20895774601821515,89.53839521863031,4.977120894176189,1078.4526271583181
27,1103.9,0.14494053361668383,0.08159557425606061,89.80667169050571,4.87161225887789,1080.8761864765736
28,1108.95,0.004508765490986935,0.49843626948545966,91.17429702284817,4.959354240386605,1083.5498830026143
29,1108.3,0.24812753935979487,-0.054107625477850266,89.5096293532828,4.869400366073279,1085.9070370023653
30,1114.0,0.16606807354750214,0.5097663104919011,91.05241968699602,5.060871768496613,1088.5825572878543
31,1117.6,0.06263416013407697,0.32315949447082265,91.86605473896418,5.113666642175423,1091.3461232604395
32,1114.85,0.5471583198113593,-0.2460627719552864,85.47218577669085,5.226976167734326,1093.5845877118263
33,1118.85,0.08043966533524938,0.3587923408598997,86.90035649220184,5.214335012896156,1095.9908174535572
34,1115.9,0.3405320005986153,-0.26366334748771897,80.60677177575435,5.188311083403583,1097.886930077028
35,1115.95,0.0672072519313124,0.004480684218398812,80.63237446445932,4.939146006017617,1099.6072224506443
36,1111.5,0.48582952242059085,-0.40322544513849007,71.57557034738922,5.0077784341592215,1100.7398679315352
37,1114.1,0.08078262204235442,0.23842706516075504,73.4518509683733,4.978651403147842,1102.0122614618651
38,1112.25,0.251741738150827,-0.17053343756816544,69.91544415504693,4.844462017208705,1102.9872841797828
39,1110.4,0.2971899340868708,-0.1753043778447467,66.46905992646226,4.755571873122378,1103.6932571150417
40,1107.25,0.3386765963634262,-0.3061267670942619,60.95905126846597,4.72660245361363,1104.0319945326567
41,1106.75,0.23040412884198477,-0.04967032450977237,60.10731680548894,4.731845135498367,1104.290852196213
42,1107.5,0.13544005829340108,0.058725158128789784,60.987842298805084,4.683141911534195,1104.5964853203832
43,1107.9,0.05415646343851202,0.049668081755485115,61.476225735882565,4.448631774996044,1104.911105766061
44,1106.45,0.1988339293832303,-0.12186304218897702,58.6117928183979,4.363015219639183,1105.0576671216743
45,1107.85,0.05867214995519172,0.12200621599075907,60.524312354178775,4.22279984680782,1105.3236035862767
46,1106.8,0.10390305032251426,-0.09928684963729939,58.346647124696716,4.0961712863215505,1105.464212768536
47,1107.75,0.03159554809699193,0.09487657461228954,59.75744811295001,3.9428733372985696,1105.6819067905803
48,1109.1,0.15327729395249357,0.12186854265984948,61.74056880179882,3.8826680989200937,1106.0074394771918
49,1104.0,0.4891299917300882,-0.4598318818574602,51.429631695082556,4.037477520425814,1105.8162547650784
50,1110.0,0.36036003571167957,-0.3053706616035095,59.91184739505674,4.463371983252542,1106.2147066922137
51,1110.5,0.2791532830677243,0.045045004463959946,60.530438476974254,4.530273984448779,1106.622829864384
52,1111.5,0.09896527308566605,0.09004944615088145,61.800033673820664,4.413825842702428,1107.087322258252
53,1107.6,0.379197924162225,-0.35087687730376227,54.44461809678495,4.427123996795105,1107.136148709847
54,1106.15,0.23052910497752607,-0.12640501430632664,51.96808957628204,4.307329425595454,1107.0422297850996
55,1110.0,0.09009000892791989,0.3299133819194895,57.496389671486206,4.356805895195778,1107.3239221865188
56,1110.15,0.06305448538080118,0.004504094672483126,57.700662464994736,4.192034045538934,1107.5930724544694
57,1111.15,0.05399806146958506,0.07655581684607476,59.11150723608027,4.053317328000438,1107.9318274588056
58,1111.0,0.0720071359071643,-0.013499515367406496,58.79472561458685,3.9280803760004033,1108.2240343674907
59,1111.0,0.07650758190135824,0.0,58.79472561458685,3.8903603491432217,1108.4884120467773
60,1109.85,0.11262773110985169,-0.10351025786656276,56.12057417566132,3.7946203242044168,1108.6180870899414
61,1110.7,0.09003323126566015,0.08109561984536787,57.65366957633691,3.698576015332676,1108.8163645099469
62,1110.4,0.0675431668379261,-0.027009969379693955,56.8980681343356,3.6022491570946373,1108.967186937571
63,1111.1,0.022500204751863245,0.05853477551011828,58.272274649453394,3.427088503016439,1109.1703119911356
64,1112.0,0.1753595545327788,0.08550462580025989,60.03647618382788,3.3930107528009823,1109.439806087218
65,1111.0,0.18451828576211493,-0.09891187940662845,57.14547984319904,3.339938556172331,1109.5883959836733
66,1111.0,0.0720071359071643,0.0,57.145479843199034,3.197800087874301,1109.7228344614186
67,1110.0,0.18018001785583979,-0.07202010081013202,54.12286709381713,3.176528653026143,1109.7492311793787
68,1111.5,0.044984215038942836,0.13964580418414457,57.73418572786457,3.1210623206671393,1109.915971067057
69,1111.0,0.06300624391877645,-0.044984215038942836,56.14759778773516,3.0409864406194864,1110.0192119178134
70,1112.95,0.031447925380354486,0.17551739377372708,60.68529408422144,2.995201694860942,1110.2983345923074
71,1111.45,0.18444357870926875,-0.1347768230586971,55.89404338547994,2.9598301452280174,1110.4080170120876
72,1112.3,0.22026411915480124,0.04947150935775677,57.92143971892676,3.0162708491403016,1110.5882058680793
73,1112.35,0.1663144097501721,0.004495186105195853,58.04361272455859,3.04725150277314,1110.755995785405
74,1111.7,0.20689016201298321,-0.031473376670666096,55.7763968316634,3.2581621097179156,1110.8459009486999
75,1111.0,0.6165611012051212,0.09009000892791989,53.359172835857024,3.800436244738058,1110.8605770488236
76,1104.1,0.6249428267884996,-0.6210615471993357,36.546202892668795,4.086119370113908,1110.2167125679832
77,1102.5,0.28571402656324946,-0.16299903740012503,33.880335028293956,4.019253700820063,1109.4817875615086
78,1103.0,0.08159557425606061,0.027205924362084962,35.46460444994358,4.003592722190072,1108.8644744604126
79,1102.35,0.16328737398525353,-0.05439951548166115,34.313559707328,3.87476467060507,1108.2440483213256
80,1107.1,0.04516299777527073,0.4308972369054866,47.67789173031656,3.994424336990419,1108.1350913383421
81,1109.9,0.054058875521322075,0.22575381456220464,53.662713637846885,3.9948225986339603,1108.3031778775476
82,1108.75,0.10822989111171448,-0.10811288065869984,51.07849881247799,3.848763841588681,1108.3457323654002
83,1107.1,0.2754942864291679,-0.15331876504440795,47.54100924672068,3.7988521386180674,1108.227091187743
84,1106.5,0.14459995969275302,-0.06773531927268524,46.28568553417224,3.7132198430024848,1108.06260631272
85,1106.05,0.03616469764957411,-0.03163410011380471,45.31915607382968,3.5979898542165865,1107.8709295210324
86,1103.55,0.24013389503521732,-0.1989598019807394,40.28605846818519,3.66956200748684,1107.4594124237913
87,1104.85,0.013576491309696145,0.12687468677810465,43.78240013476158,3.5645932926663546,1107.2108969548588
88,1104.8,0.018102807654957365,0.009052223180743843,43.67647548226133,3.44212234319018,1106.9812877210627
89,1103.9,0.09964661686146754,-0.09502683829418268,41.719894309568176,3.335542175819456,1106.6878317476283
90,1103.95,0.09058373061847853,0.009059193677419908,41.87567741880153,3.236574877546641,1106.4270858669017
91,1104.45,0.004527136106532071,0.04529186530923927,43.5020404128281,3.1268195291504557,1106.238791974816
92,1105.4,0.02713947246293015,0.0860155860241917,46.56154932168442,3.0320467056397056,1106.1589070248335
93,1104.9,0.06787938466885268,-0.04975344904477489,45.17496010442228,2.947614798094022,1106.0390111177064
94,1103.85,0.10418072729019506,-0.09503113853641022,42.32449235535398,2.9513565982301633,1105.830533868401
95,1104.05,0.036230210379782364,0.02718004332498494,43.06146274664208,2.915545412642298,1105.6609592142677
96,1103.2,0.1903551574010456,-0.08151428175500826,40.6822297427805,2.871577883167845,1105.4265821462423
97,1104.3,0.013583253116685666,0.09970984435292472,44.923291696103036,2.8200366057987196,1105.3192886085048
98,1103.25,0.11330150618490262,-0.08151059048989594,41.84760757321376,2.7328911339559476,1105.122213502933
99,1103.2,0.06798398478609066,-0.004532060247391984,41.701193093409934,2.723398910101961,1104.9391455502728
100,1100.3,0.14087054360579102,0.48401782281476957,34.2223291104479,3.207441845094678,1104.4973221645325
101,1097.9,0.3643315745226573,-0.21812213203476716,29.50608130362794,3.3497674275879183,1103.8690057679105
102,1099.4,0.13643793301988993,0.13206418137057532,35.4899131406722,3.389069754188788,1103.4433861709667
103,1097.0,0.2415676922810545,-0.23191284442467466,30.961424099677632,3.4327076288895886,1102.8297303451604
104,1096.8,0.05926325741862845,-0.018231523945743483,30.610891989787298,3.3410856553974817,1102.255470312288
105,1096.15,0.14140387592584913,-0.0683744476484204,29.4441522827784,3.284579537154801,1101.673996949213
106,1097.3,0.0501229835751498,0.1049125531062658,34.22113362445075,3.2749667130723057,1101.2574258111927
107,1097.25,0.036454740073154725,0.004557050166738321,34.112990932287104,3.1696119478528684,1100.8757662101266
108,1098.4,0.04552071602265475,0.09112439299763714,38.89583393740652,3.1253539515776763,1100.6399789520192
109,1099.25,0.0682282754348188,0.06372030065058841,42.233683626326076,3.04140009789356,1100.507600004208
110,1096.1,0.3558066273089881,-0.28655875682624726,34.6743917115926,3.109871519472591,1100.0878285752358
111,1096.85,0.04558504300037107,0.05473199112246274,37.54090042600778,3.048452125224549,1099.7794639490228
112,1091.45,0.581794327001387,-0.48778219567632686,28.01055408421178,3.3235626877085,1098.9861816681635
113,1088.8,0.3306389321832122,-0.24279605772500013,24.69706098679884,3.3933082100150487,1098.0160691283384
114,1085.75,0.28091155338562473,-0.2801246508774289,21.53894899311428,3.6223576235853963,1096.8478720684966
115,1087.9,0.0,0.19340560563124704,28.48157103152435,3.599332079043595,1095.9956937762588
116,1092.0,0.050366254243352754,0.3768725279230287,39.47930881598534,3.785094073397627,1095.6151515118531
117,1087.1,0.4507400876275609,-0.4396002934332125,32.95664123462322,3.9433016395835105,1094.8041847012005
118,1091.2,0.08706003751829823,0.3771498692393933,41.64445137879656,4.065208665327552,1094.460929015372
119,1090.95,0.09624630253787334,-0.022910536189024753,41.29307495543299,3.9212651892327237,1094.1265548234317
120,1090.0,0.1697246149315376,-0.08707998801046477,39.91485569060803,3.7768891042875197,1093.7335496021524
121,1091.6,0.03206299737725932,0.1376019286286317,43.34461279570626,3.646397025409843,1093.5303544019473
122,1093.8,0.05485458506621738,0.19694939133476388,47.76016884599289,3.5930829521662893,1093.556034935095
123,1094.25,0.11423338886599145,0.03199558278124886,48.64188297229296,3.5507198841544114,1093.6221268460383
124,1095.0,0.09132411751222146,0.07311270963926687,50.1519885284088,3.507811321000528,1093.7533528607014
125,1095.55,0.5431057066261676,0.384844106066705,51.28324906833731,3.982253369500497,1093.924462112063
126,1093.3,0.3795843962458729,-0.20537610754770888,46.62192288865473,4.00137812882189,1093.8649895299618
127,1093.0,0.1692587655454944,-0.03201167786007505,46.02128036065245,4.058422548191752,1093.7826095747273
128,1095.2,0.05934983624009324,0.2012806941622236,51.00614759693086,3.986392366178052,1093.9175991390389
129,1093.0,0.21500437785508972,-0.1826482350244429,46.39231585020569,3.8980786257367623,1093.8302087448446
130,1094.2,0.0639736209343663,0.11436926266593836,49.097055001712484,3.8196444381841492,1093.8654269596213
131,1095.05,0.15980990839696052,0.07768225399171716,50.9835788651044,3.775384121170999,1093.9782434396575
132,1095.05,0.2191678743729827,-0.004565788908964062,50.983578865104406,3.716428112515931,1094.0803154930234
133,1096.8,0.06382196952774893,0.15980990839696052,54.96853849356837,3.7259689616219296,1094.3393330651163
134,1095.95,0.17792766282434574,-0.07749810585511037,52.72633278444938,3.645542607220373,1094.4927299160577
135,1095.9,0.08212420647484249,-0.004562247764722558,52.59043768019115,3.510146706704632,1094.626755638338
136,1097.4,0.09112439299763714,0.13687367745809154,56.23471907148016,3.552279084797168,1094.8908741489724
137,1092.75,0.507892465895703,-0.423728427439021,44.75073655934453,3.741402007311659,1094.68698137288
138,1092.6,0.17389696696233037,-0.009151634344631919,44.4354967748638,3.6241590067893914,1094.4882212421294
139,1095.15,0.05935254590461622,0.23797516088495058,50.78282712838489,3.6010047920187174,1094.551247790498
140,1095.1,0.03196052236278996,0.0,50.66062501489499,3.465218735445955,1094.6035099056887
141,1096.0,0.03649631706541243,0.09589470213735177,52.85956132379741,3.3534173971998222,1094.7365089622897
142,1093.15,0.2835838781650393,-0.23728018500552675,45.8855592819046,3.367459011685546,1094.585412870643
143,1095.3,0.027389731224563344,0.19209642142660946,51.12433143067594,3.3126405108508576,1094.6534687877247
144,1097.15,0.03190080490287198,0.16890334255151201,55.14794814125995,3.268880474361514,1094.8912336650842
145,1099.55,0.11823007754983213,0.23702061441212133,59.77442457269957,3.3139604404785388,1095.334925696981
146,1105.5,0.04522836252522612,0.5319869667739954,68.46033775325637,3.537963266158646,1096.3030280115543
147,1101.45,0.367696792685281,-0.33930479614115444,59.10498679792289,3.663823032861597,1096.7932158199776
148,1101.85,0.03176473043997206,0.02723432687183385,59.690874090990796,3.6806928162286323,1097.274814313313
149,1100.95,0.186202655704019,-0.07714641754726208,57.68825509795427,3.7535004722123047,1097.6248319977594
150,1111.25,0.3194597800136922,0.027003891260726574,70.0658592047125,4.474679009911419,1098.922467045592
151,1108.7,0.324704316132114,-0.21151144276904563,64.99649787074867,4.558630509203451,1099.8536606602975
152,1110.4,0.17110935598940055,0.1533325937290618,66.72495598163802,4.5080140442603405,1100.8580739307454
153,1108.7,0.207449979751074,-0.1486016583944954,63.3558198482535,4.468155898241748,1101.6049240325792
154,1108.45,0.1308131798338443,-0.022548910842508485,62.85320712652553,4.613287619795909,1102.2568360294765
155,1108.0,0.07671473220691219,-0.040597193741540714,61.90127983418885,4.494481361239045,1102.8038040266692
156,1108.9,0.1037062821658438,0.10381394374729437,63.10482016010299,4.519875549721964,1103.3843941193675
157,1109.35,0.009014279520200228,0.04058071910836207,63.72191134835745,4.461313010456112,1103.95254706038
158,1108.3,0.216547670714011,-0.09464993496196918,61.151808588245146,4.40693350970925,1104.3665901974866
159,1105.55,0.2668352703764951,-0.24812753935979487,54.905730026315446,4.406438259015739,1104.479295892964
160,1107.8,0.03159412204900848,0.16727685042103213,58.62903252045453,4.291692669086056,1104.7955534269674
161,1108.35,0.036089650300319215,0.04964790607698987,59.50912632370646,4.174428907008488,1105.1340721482086
162,1106.85,0.1490715552499922,-0.13533618862616628,56.00960193152389,4.054826842222167,1105.2974938483792
163,1107.2,0.11741318875253495,0.03162123899243317,56.65018312832644,3.9330534963491486,1105.4786849104382
164,1105.0,0.22624413914557545,-0.198699242504301,51.56708816584247,3.866406818038495,1105.4330958713488
165,1107.8,0.0,0.2670043290905331,56.871217851080125,3.818806331035749,1105.6585153121728
166,1112.35,0.17080939379746962,0.410723586636946,63.8075460378727,4.031748735961764,1106.2957995681563
167,1112.2,0.2337706943259275,-0.03595179224177073,63.44528109376687,4.01876668339306,1106.858104371189
168,1111.2,0.23398107093135345,-0.08542005537018313,60.96045559039408,3.9745690631506885,1107.2716182405995
169,1112.2,0.04046031247949296,0.08999271958898525,62.54040901447277,3.829956987211357,1107.740987931971
170,1111.55,0.16643410873636355,-0.049455939703314224,60.81748532403755,3.706388630981984,1108.103750986069
171,1110.75,0.10803501414808948,-0.05848474133099493,58.674991043920265,3.58093230019756,1108.3557747016814
172,1113.2,0.0673732776021581,0.20703915110346954,62.976576611932785,3.596579993040588,1108.8171294919975
173,1113.5,0.06735512585978819,0.03144227512708599,63.477892301185946,3.5396814221091146,1109.2631171594264
174,1112.0,0.14838116152774064,-0.14816131804309346,59.16420699941938,3.5475613205298986,1109.5237726680525
175,1100.45,0.32259500877367137,-0.16783074677423945,37.84064040862041,4.437021226206334,1108.6596038425237
176,1103.15,0.2810132067142131,0.2089292738072802,43.011409868408826,4.634376852905886,1108.1348796670452
177,1108.7,0.06764673252752545,0.47578007541793876,51.87368373519916,4.860492791984034,1108.188700651136
178,1105.5,0.4522836252522612,-0.31559935473457645,47.30581647568575,4.870457592556603,1107.9326339224565
179,1106.3,0.12654783824656138,0.05878889450648202,48.526147770223076,4.7154249073739924,1107.7771449774607
180,1106.7,0.03614345699514716,0.040677929330689463,49.16012582307997,4.528608842561558,1107.674559741512
181,1108.5,0.11276489601723409,0.16264555647821358,52.02371906188345,4.480136782378582,1107.7531730994633
182,1106.8,0.21684114849915126,-0.17587357305653348,49.2048440449694,4.4601270122086865,1107.6623947090382
183,1102.65,0.3763656859695283,-0.3749544859464225,43.06963364218474,4.448689368479491,1107.1850237843678
184,1101.2,0.16345789733209054,-0.15866525348814225,41.139509258894805,4.455925842159524,1106.61502151919
185,1096.7,0.4650310339828183,-0.4493256031175068,35.78044406057562,4.501931139148123,1105.6707337554576
186,1095.6,0.1779845034825676,-0.1412749931413435,34.59413653940404,4.362507486351825,1104.7116162549378
187,1094.8,0.23291904190806864,-0.07301928348002189,33.71854340356874,4.3544712373266945,1103.7676528020866
188,1094.1,0.1462387841707609,-0.06393856052378885,32.93308179565811,4.222009006089073,1102.8469239637925
189,1092.25,0.3112837616994712,-0.1736506204353961,30.885376610305414,4.195436934225578,1101.837693110098
190,1092.0,0.1282050108012805,-0.02288851188966639,30.608409130905006,4.067191438923757,1100.9007699567553
191,1093.45,0.1554710727778424,0.12361494037640627,34.28907292065199,4.015963479000641,1100.1911728180166
192,1092.25,0.13733107133799832,-0.13257736803752082,32.741279899507056,3.946966087643449,1099.4348706448723
193,1093.8,0.15085010893207185,0.1327412159644698,36.71496373556474,3.9471827956689203,1098.8982162977416
194,1092.65,0.21507324845718429,-0.1234002528333986,35.05993098031288,3.8759554531211435,1098.303148078909
195,1090.35,0.2659693988449675,-0.2104972218942903,31.95718197801935,3.8312443493267763,1097.5457054047272
196,1093.3,0.027439835873190873,0.26595720290057173,39.3687632948434,3.857584038660565,1097.1413525090388
197,1092.8,0.10980956276577764,-0.04573305978865839,38.601290340303635,3.764185178756236,1096.727890365321
198,1092.2,0.08240241494009468,-0.03203511781142565,37.65271136990528,3.741743380273635,1096.2966627114808
199,1093.4,0.03658310171655811,0.10986988658681374,40.78675618470624,3.8066188531112224,1096.0207900722921
200,1092.25,0.6088344162651342,-0.15996329070997192,38.775152497736684,4.084717506460424,1095.6616672082644
201,1092.85,0.17843237550224555,0.054932428535190994,40.426041254835255,4.246523398856102,1095.393889378906
202,1094.45,0.045685005541591175,0.14640605169415927,44.70766448592543,4.13962887036638,1095.3039951523435
203,1098.15,0.036424863247391616,0.3334853051756089,53.10177722605012,4.136798236768775,1095.5750432330726
204,1099.95,0.4591113604151416,0.1502320402148492,56.55706693535434,4.334169791285297,1095.9917057823038
205,1097.8,0.19584605953174494,-0.19546325245398122,51.66105991510334,4.206729091907772,1096.1639242792273
206,1099.0,0.122838832721709,0.1047500981462959,54.05189817679851,4.141962728200071,1096.4340267288246
207,1096.9,0.2370314185145158,-0.1910826286782186,49.44316010686454,4.092536819042927,1096.4784051356032
208,1097.0,0.16864159649808058,0.004558088738690655,49.66326086736515,3.996641331968432,1096.5280808369744
209,1095.55,0.28752655056680076,-0.14128143170045007,46.50196179654839,3.9504526653992684,1096.434930281072
210,1097.0,0.009115761972861378,0.13235349153074988,49.93404301911368,3.8147060464421747,1096.4887464447793
211,1100.7,0.05451071635257068,0.3372831929961819,57.437556374425924,3.8993699002677333,1096.889818211943
212,1100.2,0.2090527094594492,-0.049965886926285286,56.21152807955332,3.7887006216771746,1097.2050736203294
213,1102.3,0.09979125483875426,0.15446106263759943,60.06694256484789,3.7466505772716654,1097.6903047041076
214,1100.05,0.2681693848739782,-0.226746880643163,54.52739909996779,3.6968898217522574,1097.9150375894308
215,1101.0,0.11807437050465482,0.07726212129061456,56.35749516347484,3.6256834059128136,1098.2088435332946
216,1100.1,0.14089615408041462,-0.08628119860025063,54.13468048055239,3.498848876919051,1098.3889536729807
217,1098.85,0.22296016475391528,-0.11816559726802792,51.11899484685709,3.484645385710544,1098.4328628469825
218,1096.9,0.21879823247493288,-0.1774580903143209,46.7442938560151,3.450027858159791,1098.2868759091746
219,1091.05,0.53159751468996,-0.5197168728362267,36.61953237255201,3.7107401540055305,1097.5976496321102
220,1088.3,0.31241356940773657,-0.27947012464367144,33.00090729368848,3.759973000147999,1096.712159190957
221,1090.0,0.050458669303968945,0.15620678470386828,37.13643300810686,3.7021177858517165,1096.0729059346754
222,1088.65,0.18830644531626337,-0.11927141678845696,35.274385361563034,3.598395086862308,1095.3659625123255
223,1085.6,0.3316135486242309,-0.24809312864731778,31.43899154472419,3.59850972351501,1094.435870844485
224,1088.4,0.0,0.2302235654999857,38.09368890842808,3.6379018861210874,1093.861026002153
225,1073.4,0.3260664001617289,-0.14883707084922795,24.419414907181345,4.692337465683873,1091.9123568590908
226,1075.0,0.10697664467289714,0.14905892578821045,27.412549173576373,4.603599075277885,1090.301656205844
227,1075.6,0.19523968460424793,0.0558139015684552,28.555171481126635,4.531913427043761,1088.901498471954
228,1075.45,0.04184291055566878,0.013949582489004563,28.434664017208284,4.343919610826355,1087.620403379387
229,1071.15,0.40610520832262753,-0.40446266437687267,25.15709701415115,4.39078249576733,1086.0517935337311
230,1070.5,0.17748698973658977,-0.056017126302739806,24.69373561019025,4.298583746069673,1084.5706703400424
231,1069.2,0.11690972978887974,-0.10744139072134877,23.7514884408856,4.241542049921839,1083.106796974324
232,1068.55,0.2292824582074272,-0.06079305949022596,23.27330903131031,4.152860474927421,1081.7204353577217
233,1070.9,0.0046689656653560434,0.2199239905255001,28.85044720510963,4.0419418695754725,1080.6899177046055
234,1064.75,0.7090859740915909,-0.5742827768393242,23.945064610000532,4.328231736034364,1079.1718303041669
235,1064.7,0.08922692849917915,0.018788145807288624,23.909471176917137,4.183358040603351,1077.7935607513891
236,1068.6,0.01871605959568122,0.3710135997617828,32.35572620481976,4.298832466274537,1076.9179835369712
237,1071.0,0.018674118885047306,0.2245927151481321,36.99092147227048,4.270344432969219,1076.3543660572595
238,1069.5,0.3272554209860486,-0.13539368281088915,35.3600685551322,4.272462687757129,1075.7015692899015
239,1070.2,0.07475231288327655,0.06545108419721397,36.76125002663987,4.170858210060184,1075.177610309911
240,1068.4,0.24335432108355468,-0.17285664764619785,34.6795140383395,4.1586540521987425,1074.532123613729
241,1068.25,0.20594410864113824,-0.023397264017534846,34.50416220791725,4.104464477041696,1073.9338261267071
242,1072.15,0.04663522209091816,0.37447888922071876,42.62691989336058,4.200574157253007,1073.7639379241637
243,1070.6,0.24752452127357358,-0.1771560119757549,40.47828006697306,4.154104574592075,1073.4626105028146
244,1069.65,0.1262093897916151,-0.08873520573956294,39.174920097042786,4.039525676406923,1073.0995047406418
245,1070.1,0.03737964921069049,0.07013599837658543,40.15785124745264,3.9617024138064316,1072.8138376224854
246,1072.35,0.009325304867542104,0.22430933753039753,44.94819481595728,3.9144379556773976,1072.7696626108202
247,1072.1,0.03264617792541342,-0.013989261842618094,44.521739257870394,3.8812638159861583,1072.7058852193136
248,1067.85,0.38863099814488083,-0.38712650454617964,37.93287075060433,4.075459257701426,1072.2434199603313
249,1071.95,0.004664392308972567,0.38394869696241674,46.204057876811376,4.109355025008464,1072.2154752022045
19,1363.2,0.05868540295964824,0.022011870267903137,75.63742663121549,4.003676494806618,1357.6650000000002
20,1361.3,0.2644529020400438,-0.15402658498857902,69.58896621389434,3.996271030891866,1358.0111904761907
21,1362.9,0.03668645044651079,0.12488971136518746,71.6452585409176,4.0751088143995995,1358.4767913832202
22,1364.5,0.0073286864575334894,0.11739664142882784,73.56984763878216,3.969743899085336,1359.050430299104
23,1365.5,0.09520315254254333,0.07328686457540157,74.72456493275033,3.9576193348649515,1359.6646750325226
24,1364.9,0.06593884831206538,-0.04393991655809179,72.67300110835266,3.874932239517452,1360.1632774103775
25,1364.0,0.06598235631792726,0.05868540295964824,69.58679848622099,4.46243707955193,1360.52867956177
26,1358.6,0.4710728168167175,-0.4250949684147243,54.60349121897421,4.6936915738696525,1360.3449957939824
27,1359.4,0.08827417369854944,0.05888410210210224,56.11119322894946,4.751285032878963,1360.2549961945556
28,1362.7,0.014676733927695472,0.2427539776710444,61.75391550331607,4.740478959101904,1360.487853699836
29,1366.8,0.014632708053333696,0.3008730455176821,67.36749541994631,4.801873319166047,1361.0890104903278
30,1368.2,0.21195716126503808,0.09510564408102375,69.03859544609449,4.766025224939897,1361.766247586487
31,1368.9,0.0803564319114318,0.04385000084046832,69.86942911266196,4.6970234231584715,1362.4456525782502
32,1368.7,0.1607363478217701,-0.007305663862015666,69.2972577462494,4.547236035790019,1363.0413047136549
33,1370.8,0.014590009782604878,0.16074809239508414,71.89938610470016,4.401004890376446,1363.7802280742592
34,1370.5,0.029186407014667702,-0.029177891036631452,70.97396949973624,4.379504541063852,1364.4202063529012
35,1370.8,0.16049010760862048,0.014592138777079943,71.37080086245122,4.2666827881307166,1365.027805747863
36,1369.1,0.21912189093427,-0.13130050966482495,65.87476252187714,4.297634017549938,1365.4156337718762
37,1370.3,0.007297666717030524,0.10227182243272986,67.76194963039069,4.154945873439241,1365.880811507888
38,1369.7,0.09491122515059523,-0.04378600030211677,65.80249011372494,4.136735453907873,1366.244543745232
39,1370.6,0.09484890205101135,0.08032122649051801,67.32862781023026,4.012682921485888,1366.6593491028289
40,1368.2,0.17541282311589185,-0.15325100105742528,59.68003219105756,3.9832055699511755,1366.8060777597022
41,1368.9,0.11688208278026746,0.0731047056767997,61.06917540365813,4.020119457811806,1367.005498925445
42,1366.8,0.1609597885866374,-0.1315211665050628,54.952439123902074,4.161539496539533,1366.9859275992121
43,1367.9,0.0731047056767997,0.07315818775463621,57.36155207326832,4.221429532500996,1367.0729821135728
44,1366.3,0.13906159770065973,-0.1169675290828895,52.92770297370989,4.112755994465213,1366.999364769423
45,1370.0,0.051094853215438926,0.2634658493370474,60.52631264924892,4.218987709146279,1367.2851395532875
46,1367.8,0.20470814102343504,-0.16058382439137237,54.856100394795114,4.210488587064395,1367.334173881546
47,1365.1,0.23441488944774386,-0.20469317589505248,48.81229968839636,4.145453687988364,1367.1213954166367
48,1364.2,0.19791804873329116,-0.07324928710131329,46.95521188760013,4.149349853132056,1366.843167281719
49,1361.1,0.2938797341270046,-0.2199250641997917,41.14813950394974,4.210110577908337,1366.2961989691742
50,1361.0,0.4922847227885979,0.14716692629365247,40.9721102868733,4.530816965200602,1365.791799067348
51,1360.6,0.10289570564773148,-0.029390132703803376,40.23073652454589,4.4214728962577015,1365.2973420133148
52,1362.0,0.0954478006991151,0.10289570564773148,44.04689003897044,4.305653403667862,1364.983309440618
53,1363.3,0.10269192203336541,0.0954478006991151,47.404981678988065,4.212392446263015,1364.8229942557973
54,1361.2,0.20570070107206462,-0.15403788305003144,42.92347719201909,4.190078700101378,1364.4779471838167
55,1362.5,0.06605499739083429,0.08815096734668126,46.307418914713786,4.105073078665566,1364.2895712615484
56,1367.3,0.0,0.3743940872161971,56.550540246900184,4.261853573046594,1364.5762787604485
57,1367.0,0.20482794087202236,-0.007314748507967521,55.833607487781144,4.243149746400408,1364.8071093546914
58,1361.6,0.39659195314927737,-0.3804504093865929,44.81916302381819,4.354353335943233,1364.5016703685303
59,1360.4,0.08820928535040903,-0.08079318340566104,42.79861670610826,4.34332809766156,1364.111035095337
60,1359.9,0.2279577704553426,-0.03675386889600934,41.95000211059982,4.390233233542878,1363.7099841338763
61,1359.2,0.11771621710106961,-0.05147433526411448,40.73232352567594,4.240930859718383,1363.2804618354119
62,1357.2,0.20630695084957607,-0.14714527137634537,37.39265317026493,4.180864369738505,1362.7013702320394
63,1356.7,0.18427052091802099,-0.03684052693742489,36.58505955762635,4.1465169147571865,1362.1298111623214
64,1356.8,0.07370277586764751,0.0073708208367141365,36.87868744081505,4.043194277988819,1361.6222100992431
65,1354.9,0.1771347131635347,-0.1400352741485202,33.68709417331697,3.9758232581324684,1360.981999613601
66,1355.2,0.08854775048129727,0.02214183914543974,34.64879070605691,3.9846930254087303,1360.4313329837341
67,1353.5,0.2512004054670141,-0.13281182556494497,31.831632401058584,3.9929292378795447,1359.7712060329022
68,1353.9,0.0960188374186853,0.02955298887847818,33.20771724077876,3.9362914351738665,1359.2120435535783
69,1352.1,0.17750153279970143,-0.11081552096962105,30.248583740350337,3.8908420469471587,1358.5347060722852
70,1355.7,0.014752515488300554,0.2662522991995521,41.480217175034575,3.934353329308076,1358.264734065401
71,1353.6,0.20685563914330604,-0.14753603752136507,37.669703137095865,3.8676138057860707,1357.82047367822
72,1353.7,0.09603302354064558,0.01477649443923909,37.961960859501836,3.7556413910870625,1357.4280476136275
73,1352.9,0.2734863822260326,-0.0590972452557806,36.48798180172364,3.9516670060094152,1356.9968049837582
74,1354.9,0.08118674353328464,0.14783047687894382,42.49893387324496,3.93369079129446,1356.7971092710193
75,1351.6,0.47351252329645305,0.09627483057480922,36.38068846794733,4.2098557347734245,1356.3021464833032
76,1354.3,0.05168718032402291,0.2368438776967855,43.54223834355242,4.1948660394324655,1356.1114658658457
77,1351.8,0.18493846357562985,-0.16985439047751644,39.147954933066984,4.166661322330143,1355.7008500690986
78,1356.0,0.044247754979525024,0.2958577693359694,48.54330865847038,4.404756942163705,1355.7293405387081
79,1358.0,0.11782023724576852,0.15487856414295062,52.318615082006346,4.35441716058057,1355.945593820736
80,1359.8,0.03677008621114413,0.1472969897650687,55.484184733064666,4.279101649110526,1356.312680123523
81,1362.2,0.11011590800476581,0.1764964138134985,59.35850979877559,4.26630867417407,1356.8733772546161
82,1363.9,0.10264674635474741,0.12479802907207126,61.88872557616962,4.25442948316163,1357.5425794208431
83,1363.2,0.09536377980943049,-0.051323373177382045,60.22605521304941,4.100541662935792,1358.0813813807629
84,1362.4,0.08807979442174646,-0.05868540295964824,58.2984063381104,3.964788687011794,1358.4926783921187
85,1363.5,0.02200218408347002,0.08073981155327316,60.18541164955622,3.8744466379395264,1358.969566164298
86,1363.2,0.11003513054934672,-0.02200218408347002,59.396022618686196,3.78341473522957,1359.372464624841
87,1362.3,0.12478886824571409,-0.06602107832961471,56.98145525312649,3.6774565398560264,1359.6512775177134
88,1362.7,0.10273713749383492,0.029362086646056267,57.802507460343364,3.6004953584377324,1359.941632039836
89,1363.3,0.07335137288097053,0.04403020178306973,59.06459672825537,3.536174261406469,1360.2614766074705
90,1363.4,0.07334599285169953,0.007335137288107059,59.283176891969056,3.4478760998774485,1360.5603835972352
91,1361.7,0.1468751216309601,-0.12468818784789255,54.003944713908794,3.5015992356004912,1360.6689184927366
92,1361.4,0.04407224616405519,0.014692907219436765,53.105206084240585,3.365770718771878,1360.7385453029522
93,1361.5,0.022034504565178765,0.03673766587974586,53.383695819671615,3.3039299531453152,1360.811064797909
94,1360.6,0.08084662586607952,-0.03673496676587557,50.478229359911666,3.2607920993492243,1360.7909633885843
95,1359.9,0.07353476466301591,-0.014704790306000666,48.27737603343154,3.192164092252864,1360.7061097325286
96,1360.7,0.02204745936101719,0.08090608936005023,50.91154127320969,3.0927237999490846,1360.7055278532403
97,1362.3,0.05138365163059012,0.11758644992543615,55.763910828746354,3.086100671381293,1360.8573823434078
98,1363.5,0.0,0.0880862599381521,59.03458846714733,3.1156649091397717,1361.1090602154643
99,1362.0,0.2936855406126721,-0.10268438999238602,53.690729162936066,3.3216888442012165,1361.1939116235153
100,1354.9,0.04428367829087948,0.6612179337162521,36.73863744361575,4.370139641043987,1360.5944914688948
101,1353.3,0.13300810388819298,-0.11808980877570659,34.12389506120809,4.272272523826559,1359.8997779956667
102,1352.5,0.18484274688151803,-0.06649913809728905,32.86442852264896,4.181395914981805,1359.1950372341746
103,1352.7,0.08871140037599184,-0.007392070230574125,33.52498683196102,4.018439063911683,1358.5764622594913
104,1351.6,0.21456036211870894,-0.10347368553312902,31.678804355027506,3.9528362736322706,1357.912037282397
105,1347.3,0.3636900737103358,-0.3476328789697674,25.716899175252973,4.041919396944254,1356.9013670650259
106,1348.2,0.06675562471766922,0.037100217333073136,28.73978769972273,4.11035372573395,1356.0726654397854
107,1346.7,0.16336217170701184,-0.11125937452946556,26.78349939057945,4.016757031038681,1355.1800306359962
108,1345.8,0.1560409005491998,-0.07425001911937992,25.6551096899242,3.9155601002502136,1354.286694384949
109,1346.2,0.1039963571561649,0.029722076295090504,27.12462714659763,3.8144486645180558,1353.516533014954
110,1347.4,0.11132543318581477,0.09657521983864376,31.499101082228254,3.7705594741953408,1352.9340060611487
111,1351.5,0.029596722458961628,0.28196165173135246,43.89163113917175,3.851233797467109,1352.797434055325
112,1348.9,0.22981671746109678,-0.1923786959832001,39.065181971466586,3.854717097648036,1352.42624985958
113,1349.0,0.081541822430073,0.007413442498738532,39.3414618718663,3.8579515906731663,1352.0999403491437
114,1351.5,0.014798361229480814,0.1704712641037143,45.940497985004214,3.939526477053654,1352.0428031730348
115,1352.2,0.03697675123742698,0.051794264303174437,47.65755717953319,3.8152745858355392,1352.0577742994124
116,1352.8,0.16262554507278199,0.03697401687937819,49.148479656938946,3.8213264011330073,1352.1284624613731
117,1350.3,0.19995541734769107,-0.18480175576452118,43.57857749740223,3.8269459439092275,1351.9543231793375
118,1352.5,0.0591496790020824,0.1629266363573785,49.05055486683851,3.8107355193442762,1352.006292400353
119,1349.4,0.25196364905612667,-0.22920500613307562,42.75781901090868,3.817111553676818,1351.75807407651
120,1346.1,0.3788720162900211,-0.2445529534956756,37.27559154339218,3.9516035855570486,1351.219209878747
121,1343.7,0.24559035082953382,-0.18570778063602686,33.87394439714576,3.955060472302974,1350.5030946521997
122,1343.7,0.11163197764978966,0.0,33.87394439714576,3.8654132957099074,1349.8551808757998
123,1341.9,0.38750995788808695,-0.13395837317974418,31.382863050607778,4.03931234601634,1349.097544601914
124,1344.4,0.03719128444563787,0.193769418863165,38.182500545083776,4.050790035586604,1348.6501594017318
125,1338.1,0.5829156394024205,-0.14179093896199263,30.090325380746595,4.375733604473285,1347.6453823158527
126,1335.9,0.37427923176942,-0.15695055534337485,27.869109285760533,4.448895489868057,1346.5267744762477
127,1337.7,0.08970614509520779,0.1347405234369878,32.27417831336676,4.459688669163205,1345.6861292880337
128,1337.8,0.08969943960275449,0.007475512091260233,32.52073339339846,4.283996621365833,1344.9350693558401
129,1335.3,0.22466844554149215,-0.17941229019041557,29.617799456439602,4.392282576982556,1344.017443702903
130,1333.5,0.20997359582032218,-0.1348010673248919,27.700534433531526,4.342833821483805,1343.0157823978645
131,1331.7,0.18772982824222553,-0.11251116673329828,25.89529462758458,4.239774262806397,1341.9380888361632
132,1332.0,0.03753750935622421,0.022527579389063652,26.752086707020737,4.179790386891661,1340.9916041851
133,1335.3,0.03744474092358203,0.2402220252068008,35.57588350120719,4.259805359256538,1340.449546643662
134,1334.5,0.13488187719604214,-0.0748782666579808,34.491136455766274,4.226962119309639,1339.8829231537893
135,1331.6,0.3079000391258445,-0.20983197704439535,30.822283646168064,4.239321967930385,1339.0940733296188
136,1332.8,0.03751497785490857,0.0901170846221988,33.953000618454915,4.100798970221069,1338.494637774417
137,1327.7,0.4820362415935413,-0.3901264985171476,28.12695458567842,4.286456186633837,1337.4665770339964
138,1329.2,0.09780311630821481,0.11297724412348865,31.831907219688233,4.265995030445706,1336.6792839831396
139,1330.2,0.09772959124222237,0.0752331663909371,34.264719274670995,4.175566813985298,1336.0622093180787
140,1328.9,0.09782519540582439,-0.09772959124222237,32.63419111360999,4.105883470129208,1335.3800941449283
141,1332.6,0.03001648655524729,0.2859720906290675,41.20918228914106,4.191177507977119,1335.1153232739828
142,1330.0,0.21804494883839115,-0.19510716260905622,37.588385644911085,4.198950543121623,1334.6281496288416
143,1329.8,0.10527891015272893,-0.015037582678512684,37.3167695451426,4.0061683614700785,1334.1683258546661
144,1328.1,0.15059095656128563,-0.12783867661402312,35.00154729615788,3.8914420499364915,1333.5903900589835
145,1329.1,0.030095530738453363,0.08283126292825903,37.459566633129654,3.7563390463695994,1333.1627338628898
146,1328.5,0.13549105345046442,-0.03762224407656578,36.566062817338555,3.7094576859146215,1332.718663971186
147,1328.2,0.05270286650891284,-0.015055694778914308,36.102376646752646,3.5373535654921615,1332.2883150215494
148,1327.5,0.0753295101095969,-0.05270286650891284,34.987516160797746,3.534685453671293,1331.832285019497
149,1331.0,0.0676182812785333,0.2636532853835892,44.25652793511508,3.610779349837639,1331.753019779545
150,1326.7,0.32411221518638744,1.0434112388337895,37.233075023817634,4.781437967706379,1331.2717798005406
151,1325.8,0.14330959171098007,-0.052770408767128366,35.9472046303236,4.711335255727349,1330.7506579147748
152,1342.9,0.0,1.2974267953331893,62.468777869609404,5.646239880318265,1331.9077381133677
153,1339.3,0.44052830543694743,-0.2383610887440714,57.107758428156274,5.742937031724103,1332.6117630549518
154,1337.1,0.32907013007993346,-0.14189683204120768,54.05478263146889,5.711298672315236,1333.0392141925754
155,1335.8,0.0973198852224212,-0.09722526570542948,52.27634429312079,5.603348767149848,1333.3021461742348
156,1337.3,0.24676568700688584,0.11229217525664378,54.150774526044586,5.667395283782001,1333.6828941576412
157,1336.8,0.06732490475396795,-0.02243659977817342,53.397899008352724,5.455438477797577,1333.979761380723
158,1337.1,0.18697166481814015,0.022441634917983646,53.81282991913413,5.3086214436691685,1334.2769269635112
159,1335.1,0.1797616809514854,-0.14210909341130568,50.57958237697616,5.193719911978517,1334.3553148717483
160,1340.1,0.03731062061740123,0.3745035019822471,57.460825122710055,5.329882775408616,1334.9024277411056
161,1341.6,0.029815123870665792,0.11193186185220368,59.29206597202607,5.234891148593715,1335.5402917657623
162,1343.8,0.12650682653161038,0.16398318128862796,61.883753494793105,5.253827495122736,1336.3269306452135
163,1349.6,0.10373436297098854,0.4390857787558291,67.71878771989716,5.44283981689969,1337.5910324885265
164,1347.4,0.1855423886430246,-0.16301114181152934,63.7333208824138,5.318351258549716,1338.5252198705716
165,1347.6,0.06678534670129296,0.014843391091428468,63.94108696641063,5.188469025796165,1339.389484644803
166,1350.5,0.03702329728004644,0.22263434312850233,66.9019727781455,5.096435523953588,1340.4476289643455
167,1354.2,0.0,0.3111108806586103,70.25759818441321,5.146690129385471,1341.7573785867887
168,1355.9,0.10325237609529482,0.1403248594351179,71.67836114444287,5.186212263000797,1343.1042949118564
169,1355.8,0.1770171286199148,-0.007375169721103267,71.46211060946834,5.108625672786465,1344.313409682156
170,1356.7,0.0073708208367141365,0.073762577441486,72.27288677311192,4.943723839016,1345.493084950522
171,1360.4,0.02205232133760226,0.2727203709586744,75.3708258286761,5.069172136229146,1346.9127911457103
172,1365.3,0.19775858949785033,0.3601879151808815,78.75601699258337,5.407088412212775,1348.663953893738
173,1365.0,0.06593401763076298,-0.007325465295235229,78.04870841110042,5.192296382769011,1350.21976780862
174,1370.0,0.11678823592098904,0.3663000979486462,81.095989799513,5.328560926856932,1352.1035994458944
175,1363.8,0.28596547443505993,0.4270983600159319,68.4135951772809,5.876520860652866,1353.2175423558092
176,1367.1,0.04388849104785502,0.24197078606042632,71.01211122711763,5.892483656320528,1354.5396811790654
177,1368.4,0.021923398185177776,0.0804504640894826,71.98970186464267,5.964449109440497,1355.8597115429639
178,1362.9,0.5209475963404464,-0.4019289667283201,62.40145544049718,6.074131315909033,1356.5302152055388
179,1375.2,0.3199532286552921,0.9247020954777032,71.5328945514586,6.890264793344102,1358.3082899478684
180,1375.9,0.07267964773628334,0.029080313282221604,71.95040978579141,6.648103022390951,1359.9836909052142
181,1382.6,0.10849116990368154,0.4723490499607224,75.63402499187673,6.794667092220156,1362.1376251047177
182,1386.6,0.08654255982795668,0.25305454916163034,77.53116008715119,6.759333728490142,1364.4673750947445
183,1374.6,0.8729805958238064,-0.8654255982795339,61.94822478951083,7.162238462169407,1365.432386990483
184,1381.1,0.028962400287892848,0.47286448940456177,65.94138522579995,7.28636428630017,1366.9245406104371
185,1379.0,0.31181993341556347,-0.1592816686347639,63.61856124178807,7.07305255156444,1368.074584361824
186,1383.2,0.04337764359626035,0.3045683070570685,66.18418392850445,6.9749773693098405,1369.5151001368883
187,1377.0,0.457516007613644,-0.4482356504947615,59.51232413910099,6.92676470007342,1370.227947742899
188,1379.9,0.05072827688361833,0.19604981407942962,61.46889314392463,6.889138650068166,1371.1490955769086
189,1380.0,0.07246371560600319,0.0,61.537915824464996,6.661343032206157,1371.9920388552982
190,1379.0,0.07976788994351049,-0.0797043114960361,60.373228311649704,6.499818529905708,1372.6594637262222
191,1381.9,0.14472816793677695,0.2030308150019601,62.58478252966724,6.392688634912443,1373.5395147999152
192,1385.5,0.09382887489795781,0.2532559672532798,65.18252089329731,6.564639446704409,1374.6786086284947
193,1383.1,0.1807532494011645,-0.18042712151622295,62.087627978332485,6.495736629082659,1375.4806459019715
194,1380.6,0.28248567109542083,-0.1807532494011645,58.947870899232136,6.331755441291044,1375.968203435117
195,1384.9,0.04332439647309873,0.3114585604385468,62.46390589930196,6.3080586240559695,1376.8188507270106
196,1390.0,0.05035967600023637,0.3610105696674587,66.16530698413764,6.271768722337683,1378.074198276819
197,1391.0,0.20848295579946322,0.06474349705525649,66.85545716968404,6.10235667074214,1379.30522701236
198,1387.0,0.38211940726790783,-0.28756269765442294,61.45554017976955,6.1021883371176955,1380.0380625349924
199,1393.0,0.15793240636582787,0.4253475413830782,65.90418052438916,6.323460598752149,1381.2725327697551
200,1401.0,0.6067090601648393,0.6465512596614514,70.75141102212154,7.171784841698427,1383.1513391726355
201,1405.0,0.13523122047600614,0.28551014595992436,72.83119293268523,7.088085924434254,1385.2321640133368
202,1405.6,0.07825833931536308,0.035584630571040804,73.13972427305437,6.8175083584032325,1387.1719579168287
203,1411.7,0.04250191789903875,0.42683330238791894,76.11006915042483,6.809114904231577,1389.5079619247497
204,1425.0,0.1894735512466339,0.9421258467621654,81.03460039683914,7.558463839643603,1392.8881560271545
205,1420.3,0.5069347976238872,-0.3508030935219999,75.140028609147,7.5757164225262,1395.4988078340923
206,1422.5,0.0,0.14784557318672045,76.01935895493561,7.241736678060049,1398.070349945131
207,1423.1,0.04918835697536897,0.04217923221142966,76.26592709628643,6.874469772484325,1400.4541261408328
208,1420.2,0.2112377050854069,-0.21079243198957842,72.39160427183737,6.7977219315925845,1402.3346855559917
209,1420.3,0.1548967437184122,-0.014079539542741996,72.44358885816806,6.490741793621686,1404.0456678839923
210,1420.2,0.1619489072321421,-0.021119309314104988,72.2969873949042,6.24854595122013,1405.5841757045646
211,1420.9,0.14779354789671548,0.021117822668024443,72.7132551787206,6.052221240418693,1407.0428256374632
212,1420.2,0.15490765039596827,-0.049264515965577155,71.55535105308685,5.855634008960228,1408.2958898624668
213,1416.9,0.4093440543834717,-0.2604531462387974,66.20308350087699,5.944517294034507,1409.1153289231843
214,1415.1,0.2967986030679115,-0.13408600276217808,63.41668957612202,5.934194630174896,1409.6852975971667
215,1417.5,0.056437349956010935,0.1554439656299293,65.50159669288637,5.781752156590971,1410.4295549688652
216,1417.1,0.15524652089018676,-0.028218674978013485,64.8383590644637,5.568769859691613,1411.0648354480209
217,1417.5,0.08465602493402442,0.021168486333269204,65.21763998844851,5.399572012570786,1411.6777082624951
218,1415.5,0.19780982139892198,-0.14109337489003534,61.63756575278195,5.299602583101445,1412.0417360470194
219,1415.3,0.07065634801360277,-0.014129272957069297,61.27532503964689,5.263916684308481,1412.3520468996842
220,1414.9,0.15548791046156712,-0.028262539205431467,60.50939470700841,5.102208349715019,1412.5947090997142
221,1416.8,0.04234892550189734,0.1342850135804458,62.88272417957427,4.916336324735375,1412.9952129949795
222,1419.3,0.00704572180250253,0.16938374664142825,65.7955711926713,4.8723123015400045,1413.5956689002196
223,1425.1,0.01403409302218197,0.41572687730630564,71.40268648601366,5.210004280001426,1414.6913194811511
224,1430.0,0.26573407990623465,0.3438352790433865,75.11427789429797,5.530718260001327,1416.1492890543748
225,1409.3,0.4683172721796221,0.02129168112726354,47.227883865450984,6.757095527144093,1415.496975811101
226,1406.7,0.2345914305883023,-0.1915707453024402,44.96960969546361,6.560160132348087,1414.6591685909962
227,1401.0,0.4282652189398866,-0.39812285075866644,40.40787160290887,6.577291551466077,1413.3582953918537
228,1398.6,0.3003000855855277,-0.1713060875759611,38.630952271574344,6.5074850120756365,1411.9527434497725
229,1398.4,0.13586946805672076,-0.03574234345389702,38.47909693978589,6.328378939784519,1410.6620059783656
230,1395.6,0.2364572682306893,-0.20022868976782635,36.32618090843299,6.1477804440856385,1409.2275292185213
231,1398.8,0.01429795946671796,0.2292918964661136,40.42839349744877,6.13008184093667,1408.2344311977097
232,1400.2,0.0,0.10008571626700946,42.183375775379716,5.877933138012632,1407.4692472741183
233,1407.1,0.42640862311944916,0.4927863928107367,50.00139990173223,6.415223628154577,1407.4340808670595
234,1403.5,0.3348768543805844,-0.22038943524140173,46.470694121583435,6.321279083286403,1407.059406498768
235,1406.0,0.09246081617295823,0.1567173694847094,49.15569170807702,6.248330577337371,1406.9585106417426
236,1411.7,0.07792018281490974,0.4054051170660651,54.73104379977241,6.559164107527552,1407.4100810568148
237,1416.6,0.021177452225445408,0.33288452943937413,58.90305444864358,6.583509528418448,1408.2853114323561
238,1417.8,0.06347858408902879,0.07058154250314617,59.87825642957143,6.377544562102848,1409.1914722483223
239,1416.4,0.24004501550054422,-0.0916977557326936,58.144743978407256,6.214862807666925,1409.877998700863
240,1420.5,0.07039769771369397,0.28946604810360266,61.64662887292408,6.206658321404995,1410.8896178722093
241,1422.2,0.09140761397298656,0.12672477701719123,63.02789018100171,6.213325584161778,1411.966797122475
242,1426.9,0.03504097341020855,0.33047368128696614,66.60838722102729,6.248088042435939,1413.3890069203346
243,1427.3,0.1611433047409029,0.035043429321958704,66.90216268335679,6.180367467976226,1414.7138634041123
244,1425.9,0.1823408497504321,-0.09808722897271589,64.75481236994736,5.946055505977931,1415.7792097465779
245,1426.9,0.14717208832286957,0.07714961625080474,65.60404517174496,5.792765826979505,1416.838332627856
246,1434.0,0.11854942918450165,0.5046253822362086,70.95510468609925,6.0718539821952575,1418.472777139489
247,1430.0,0.29370608831742395,-0.27893983337529055,64.83539399226325,6.088150126324164,1419.570607888109
248,1431.2,0.1397427754731865,0.07691764427828081,65.788679566949,6.131853688729584,1420.6781690416224
249,1436.0,0.06963783451404282,0.328372578514236,69.3660575679722,6.193864139534614,1422.1373910376583
19,1312.6,0.015236922720616964,0.04573167246060857,38.93914943367891,3.800047160940612,1314.0099999999998
20,1308.5,0.32862030674794707,-0.31995100178944375,33.153270627607675,3.84290093515913,1313.485238095238
21,1314.3,0.045651642964597644,0.4432552974739763,45.49203475622557,4.096979439790627,1313.56283446712
22,1316.6,0.10633441718486399,0.17499796469758105,49.4747945386856,4.104338051234157,1313.8520883273943
23,1318.7,0.03791610076886269,0.1442890763296877,52.86148992606582,4.046885333288857,1314.3137942009757
24,1320.0,0.07575751836551639,0.10617313349527956,54.877843264806394,3.9578220951967924,1314.8553376104067
25,1310.1,1.1296838946005066,-0.7499994318186192,40.62599175177409,4.8751205169684635,1314.4024483141775
26,1312.9,0.14471769006192114,0.19842768951562553,44.97826408147322,4.919754765756431,1314.2593579985416
27,1312.1,0.09907773868019168,-0.0609337642366166,43.986170843780194,4.782629425345257,1314.0537048558233
28,1311.7,0.1143553294538923,-0.030485458055428932,43.469881755982,4.5838701806777395,1313.829542488602
29,1312.3,0.038101014934835836,0.04574213178154999,44.52178361306117,4.456450882057898,1313.683871775402
30,1311.8,0.1753314717704861,-0.04571773413767106,43.790511878699014,4.302418676196616,1313.5044554158399
31,1313.0,0.02284842128832762,0.09147728961938933,46.079563349198914,4.216531627896852,1313.4564120429027
32,1316.2,0.04558574260313653,0.24371649374220167,51.72528033827718,4.215350797332794,1313.7177061340549
33,1322.0,0.09833578038140323,0.4406621784970498,59.91721204702105,4.4213971689518745,1314.5064960260497
34,1320.8,0.13628093861224777,-0.09077148958284037,57.73428951185772,4.434154514026734,1315.105877356902
35,1319.2,0.2653121093752961,-0.060606014692409664,54.86417641094173,4.410286334453406,1315.4957937991019
36,1317.4,0.23531179952041245,-0.12130392622901037,51.74749965856248,4.359551596278165,1315.677146770616
37,1318.3,0.045513126364930045,0.06831632889301462,53.17966161544885,4.255297910829731,1315.9269423162716
38,1318.4,0.06826451132848531,0.007585521060830299,53.34535659850255,4.201348060056179,1316.1624716194838
39,1319.1,0.1288756509168021,0.06068416848655615,54.55767875305524,4.101251770052163,1316.442236227152
40,1315.6,0.2964424624183237,-0.2577708432366686,47.860997866335246,4.129733786477009,1316.3620232531375
41,1316.8,0.007594161912098824,0.09121306535948556,50.12155013332604,4.006181373157228,1316.4037353242672
42,1314.9,0.15970784112263273,-0.12153427912321442,46.671239392149864,3.948596989360287,1316.260522436242
43,1314.6,0.05324809581006294,0.0,46.13125485762468,3.887982918691688,1316.102377442314
44,1315.2,0.015206801089722824,0.053252146632071444,47.44102049082373,3.760269853070863,1316.0164367335221
45,1316.5,0.07595892445201333,0.11406835432064309,50.262749425014476,3.777393434994373,1316.0624903779485
46,1313.7,0.289259123651421,-0.21268498846563388,44.69674409427197,3.886151046780486,1315.8374912943343
47,1314.2,0.06087348891074915,0.06091056729817889,45.8499136974985,3.8228545434390226,1315.681539742493
48,1313.3,0.19797441713667596,-0.07608607160764544,44.06864525518851,3.735507790336245,1315.454726433684
49,1310.0,0.2824425324866199,-0.25127522175037975,38.20734668961764,3.790114376740799,1314.9352286780952
50,1304.0,0.46012234653194284,-0.45801491754586443,30.31301639993435,4.283677635545031,1313.8937783278004
51,1306.2,0.015311579152063538,0.16871152706171585,35.56973182026815,4.184843518720393,1313.1610375346766
52,1309.1,0.17569309014355516,0.2220178977048604,41.80180203738837,4.271640410240371,1312.7742720551835
53,1313.6,0.03045064673368024,0.34374735028084163,49.89985448864278,4.33795180950892,1312.8529128118328
54,1313.9,0.0761092350184679,0.015224164402710013,50.39540325088292,4.235240965972575,1312.952635401182
55,1315.2,0.053223803814021246,0.07609186113844077,52.58406432763118,4.089866611260251,1313.166670124879
56,1318.9,0.07582070223617997,0.2813258201598117,58.23261388349932,4.133447567598808,1313.7127015415572
57,1318.4,0.10618923984431622,-0.022749660461314165,57.240258638846264,4.059629884198887,1314.1591109185517
58,1317.6,0.060716408078028326,-0.06067956562534326,55.6074381617436,3.9339420353275507,1314.4868146405945
59,1317.9,0.0758782336457746,0.03036050826527577,56.11301658641982,3.867231889947011,1314.8118799129188
60,1322.2,0.14369978543352058,0.31866440162033605,62.67467741585007,4.041001040665078,1315.5155103974027
61,1323.4,0.0453377321008454,0.10590007117998329,64.27973349857021,3.9666438234747154,1316.2664141690786
62,1322.1,0.10589206119654179,-0.0906823164193215,61.20895563559421,3.8618835503693782,1316.8219937720235
63,1318.5,0.49298407813115047,-0.28737783606001616,53.576065946942784,4.050320439628709,1316.9818038889737
64,1313.7,0.3806041100676638,-0.3640497807737692,45.43966157317133,4.1895832653695155,1316.669251137643
65,1312.8,0.14472871364358278,-0.0685087398121864,44.087697721050155,4.047470174985982,1316.300751029296
66,1315.5,0.0076016665893761425,0.20566711938824284,48.99093893985883,4.015508019629833,1316.2244890265058
67,1313.5,0.30452965014872463,-0.15203333178766112,45.78779449384428,4.100114589656277,1315.9650138811244
68,1312.8,0.13711141292548945,-0.03807200329551261,44.68653375373209,3.9572492618236796,1315.663583987684
69,1310.5,0.22892008476147674,-0.19040351073609235,41.18176128833376,3.967445743121982,1315.171814084095
70,1311.6,0.12961258797454756,0.04576655547935578,43.465499161031225,3.898342475756126,1314.8316413141813
71,1309.2,0.19095616333931917,-0.19059221575648716,39.83165859104268,3.8841751560592632,1314.2952945223544
72,1313.4,0.06852438821044475,0.32080635441005967,48.02137261061274,3.971019787769309,1314.2100283773682
73,1311.9,0.33539116137573366,-0.12181186005948295,45.63245494266733,4.115946945785787,1313.9900256747617
74,1314.5,0.11411174278300282,0.2058239016436217,50.2520954188667,4.121950735372519,1314.0385946581177
75,1278.4,1.5096984436025906,-1.2818522920059452,22.13226053920364,6.848954254274479,1310.644442785916
76,1279.8,0.4531954577313156,0.09385257793479322,23.910494376236073,6.959743236112006,1307.706876806305
77,1277.2,0.6341993155345094,-0.20315658450023943,22.866125590683712,7.091190147818288,1304.8014599676094
78,1271.6,0.47184612154284256,-0.4384587860485653,20.762606038352978,7.113247994402686,1301.6394161611704
79,1263.1,0.6966980471078863,-0.6918777483467803,18.04858771627633,7.290873137659647,1297.9689955743922
80,1262.8,0.13462136947943862,-0.02375106978776476,17.959358159514224,6.948667913541101,1294.6195674244502
81,1265.5,0.03160803507860452,0.19794125261975246,21.71076984216775,6.730905919716743,1291.8462752887883
82,1264.0,0.23734158438165792,-0.11853013154473999,21.132631936967442,6.528698354022696,1289.1942490708084
83,1264.8,0.07115743899633942,0.06329108916843852,22.320709738150903,6.248077043021085,1286.870987254541
84,1258.2,0.580193466703647,-0.5218212193064292,19.68594184203369,6.3375001113767215,1284.1404170398228
85,1259.1,0.1906121907615109,0.07153070137441185,21.054443447459747,6.170535817706956,1281.7556154169824
86,1257.9,0.2225930339509989,-0.12703443665387396,20.5516112974447,6.015497545013602,1279.4836520439364
87,1256.7,0.1511895033106414,-0.07951015384419667,20.036286329725055,5.778676291798332,1277.3137804207045
88,1258.4,0.13509207319446012,0.09545013088599559,22.98258391730069,5.623056556669873,1275.512467999685
89,1259.3,0.04764547951602806,0.047668191254309725,24.567193193885192,5.428552516907745,1273.9684234282863
90,1261.5,0.0396353233172229,0.14289105113038367,28.442899328604355,5.3122273371286175,1272.7809545303544
91,1260.8,0.08724612369439241,-0.07925179961023965,27.950808812953003,5.139925384476579,1271.6399112417491
92,1259.7,0.14289105113038367,-0.10309270175043117,27.155726868829916,4.965644999871112,1270.5027768377731
93,1268.0,0.11041000756309269,0.634920131015769,40.83217203863757,5.382384642737475,1270.2644171389377
94,1267.7,0.2760903399145382,-0.05518759445948446,40.53593060004162,5.412214311113367,1270.0201869352293
95,1267.9,0.14985397124853309,0.015776590852262913,40.84406139145923,5.225627574605265,1269.8182643699693
96,1271.3,0.12585532458482582,0.25234583049773207,45.96973745002223,5.209511319276317,1269.9593820490197
97,1273.0,0.023566360120687614,0.14947671349484354,48.3782039194627,5.0659747964708695,1270.2489647110178
98,1268.5,0.35474942471468296,-0.3378375724091947,42.923770258697296,5.096976596722951,1270.0823966433018
99,1268.8,0.023644369763261106,0.023649961647641944,43.38206761603607,4.932906839814166,1269.960263629654
100,1252.4,1.0619601868730506,-0.1275916047913765,29.457205645651463,5.844842065541728,1268.287857569687
101,1253.8,0.04785448408480584,0.09580065799085627,31.479163863066344,5.770210489431618,1266.9080616106692
102,1258.4,0.1589318508170289,0.35888000727330144,37.78877705752978,5.979481168757935,1266.0977700287008
103,1257.4,0.23858737188852241,-0.07946592540851445,36.991320976259274,5.916661085275235,1265.2694109783483
104,1255.7,0.24687405680173138,-0.14314103925165503,35.61533326806314,5.744042436327004,1264.3580385042198
105,1255.3,0.11152703614512305,-0.03185471700668319,35.282770863618126,5.526610833732222,1263.4953681704847
106,1256.0,0.047770662602968396,0.055763518072561524,36.40195776267419,5.3889957741799135,1262.7815235828195
107,1256.5,0.27059270147815967,0.0318445730080695,37.23687591539068,5.311210361738504,1262.1832832415987
108,1258.9,0.07149092740412975,0.19100661280811482,41.2254304517273,5.17469533590003,1261.8705895995417
109,1258.0,0.2225753397652271,-0.08736392076568195,40.19388835788042,5.15507424047859,1261.501962018633
110,1255.0,0.29482048221475887,-0.24640311072003834,36.88113248443839,5.08685465187298,1260.882727540668
111,1256.6,0.09549570627431027,0.12748993825502203,39.73402248802765,5.030650748167765,1260.474848727271
112,1252.0,0.39936070338601964,-0.36606687405150157,34.85617626635261,5.099889980441496,1259.6677202770547
113,1251.3,0.10389186934238481,-0.05591049847404638,34.168760191095544,4.9213264104099546,1258.8707945363828
114,1250.8,0.08794364571183877,-0.03995841128553402,33.658153067319795,4.691231666809246,1258.1021474376796
115,1251.0,0.04796159235683337,0.01598975376579052,34.08248250971096,4.4632865477514425,1257.4257524436148
116,1255.1,0.015934972563964613,0.32773754777173714,42.23873808430989,4.523051794340622,1257.2042522108895
117,1248.0,0.5769226146453444,-0.5656915260206079,34.31940058002542,4.728548094744871,1256.3276567622333
118,1247.3,0.11224235369009493,-0.05608969864607844,33.64954453337036,4.590794659405948,1255.4678799277349
119,1244.7,0.26512391329322904,-0.21645004292926215,31.212672441888706,4.57002361230552,1254.442367553665
120,1245.0,0.06425697650041683,0.02410217393574477,31.826157384435373,4.415021925712259,1253.543094453316
121,1242.3,0.281735263837025,-0.2168672956889228,29.29394287009721,4.37109178816138,1252.472323553
122,1244.1,0.12860692178530012,0.1287725321750171,33.114624760623784,4.301728089007002,1251.6749594050953
123,1241.7,0.3462991493121093,-0.19291038267792274,30.730253783413186,4.330176082649363,1250.7249632712767
124,1231.8,0.8524104136950693,-0.8052820057319974,23.282929719508026,5.185163505317262,1248.9225858168693
125,1211.6,1.0151856923195164,0.9666658611117749,15.192589720674993,7.157651826366026,1245.3680538343103
126,1201.2,0.8907751492048412,-0.8829104027474228,12.7383879239053,7.496390981625602,1241.161572516757
127,1194.9,0.518871437884797,-0.5079096520319224,11.523959111966454,7.503791625795212,1236.755708467542
128,1188.5,0.6562888882718614,-0.5356092262036847,10.435538938642058,7.632092223952694,1232.1599267087286
129,1188.5,0.1935210824391359,0.025248253452063624,10.43553893864206,7.4940856365275055,1228.0018384507543
130,1181.5,0.7871343316679338,-0.6057032003842888,9.319051093198507,7.651650948204115,1223.573091931635
131,1178.0,0.3989809855849058,-0.32997687623583455,8.811429403544487,7.497961594760964,1219.2327974619554
132,1177.0,0.254885085059401,-0.08488957140104296,8.666180505201252,7.219535766563745,1215.2106262751026
133,1177.5,0.27176197727221,0.0,9.469734313540945,7.11099749752348,1211.6191380584262
134,1170.2,0.6409155350234703,-0.6030743199912264,8.318960559328072,7.153069104843235,1207.674458243338
135,1170.2,0.20509297120749884,-0.025630050721866495,8.318960559328072,6.992135597354422,1204.105462220163
136,1172.0,0.13651865484755635,0.1281502536093519,11.397996155508,6.892697340400528,1201.047799151576
137,1168.2,0.5392907556148261,-0.3412384053588079,10.589450789160486,6.864647530371919,1197.9194373276164
138,1165.1,0.4463132380797928,-0.26536529244540424,9.968215543703014,6.752886992488207,1194.7937766297482
139,1165.0,0.19742472324057703,-0.008582946886141979,9.947941570596223,6.477680778739041,1191.9562740935817
140,1165.3,0.14588505459104947,0.02575105085746317,10.535805267066836,6.257846437400544,1189.4175813227644
141,1167.0,0.10282767538331548,0.12870001827540262,13.963317418486493,6.082285977586216,1187.2825735777392
142,1159.9,0.6552283341423025,-0.6509630398603435,11.910888940902302,6.23355126490149,1184.6747094274783
143,1153.2,0.7630933375881529,-0.5519139773077002,10.362918568800817,6.466869031694242,1181.6771180534329
144,1154.9,0.14719876422306483,0.14741575839771606,13.436960371721998,6.319235529430358,1179.1269163340583
145,1154.9,0.2684212759361979,0.0,13.436960371721998,6.146432991613911,1176.8195909689098
146,1155.9,0.04325629963119679,0.08658750836651799,15.415894185800397,5.971687777927206,1174.8272489718709
147,1155.3,0.2769840933228696,-0.051907559557447955,15.191487900323168,5.837995793789543,1172.96751097455
148,1153.4,0.2601003467137622,-0.14717327748827316,14.473011925520876,5.663853237090296,1171.1039385007832
149,1154.8,0.1212330089773122,0.10402210122911176,17.566680907231895,5.502149434440995,1169.5511824530895
150,1173.6,0.20449880325596956,1.6455901216091102,45.87795266417128,6.644853046266639,1169.9367841242238
151,1175.4,0.05104640884259151,0.17044471583030862,47.72899676841676,6.555934971533314,1170.4570903981073
152,1174.8,0.3149469569739935,-0.0425422934210045,47.150116497195,6.5090824735666555,1170.8707008363829
153,1176.4,0.051003016828437664,0.16177082863276326,48.928947406948396,6.329862296883323,1171.3973007567274
154,1177.4,0.05945298160947868,0.10202337865722316,50.06030837116917,6.06344356139165,1171.9689863989438
155,1177.7,0.06792895650083973,0.02547984926120791,50.41518793503003,5.858911878435107,1172.514797218092
156,1178.3,0.13578873309961856,0.059442884304619775,51.162671609156874,5.633275315689745,1173.0657689116072
157,1175.3,0.25525376052602694,-0.2376706241654964,47.321479384591896,5.75232707885476,1173.2785528247875
158,1173.7,0.26412178229377914,-0.13613533894720664,45.365251000093025,5.755732287507988,1173.3186906509982
159,1173.1,0.11934181285329148,-0.051120344960099415,44.620330414679536,5.523179981257418,1173.2978629699508
160,1172.4,0.08529504836655717,-0.06818950887358215,43.71838095871114,5.442952839739037,1173.2123522109077
161,1175.2,0.051055096106956084,0.24737674027405002,48.226559618204725,5.325599065471961,1173.4016520003452
162,1175.3,0.05105075210521701,0.008509182684486232,48.38557249812304,5.102341989366823,1173.5824470479313
163,1175.1,0.09360897488812762,-0.017016917368405667,48.067597936671824,4.873603275840628,1173.7269759005092
164,1176.2,0.025505844664300958,0.09360897488812762,50.01330859477427,4.746917327566291,1173.9625020052226
165,1173.0,0.40920681227040345,-0.26358280453803795,44.759577913336415,4.807851804168692,1173.8708351475823
166,1171.8,0.15360969994051504,-0.0937845564118486,42.93803125910938,4.650148103870921,1173.6736127525744
167,1170.8,0.145199739323766,-0.07681140495741583,41.425092863571095,4.49656609645157,1173.3999353475674
168,1170.2,0.06836432373583294,-0.05124696682014357,40.50294274052353,4.246811375276458,1173.09517960018
169,1172.6,0.1449768506081818,0.20509297120749884,45.70901874038887,4.300610562756711,1173.0480196382582
170,1172.3,0.17913488088811122,-0.03410929128568074,45.17687870252943,4.164852665416952,1172.9767796727099
171,1174.9,0.15320439764711702,0.2303359236171992,50.55000519762311,4.19593461788718,1173.1599435134042
172,1173.5,0.11930113395728602,-0.10215365441929865,47.83157989422544,4.074796430895239,1173.192329845461
173,1170.2,0.2734572949433512,-0.2727115453284977,42.086342574035314,4.105168114402722,1172.9073460506552
174,1172.9,0.10231042517653392,0.23929558217625505,47.62900674152826,4.290513249088229,1172.9066464267833
175,1167.1,0.19706949098665685,0.3784291920278613,38.995276268756726,5.162619445581926,1172.3536324813754
176,1159.7,0.6467184213862021,-0.6425628490722678,31.21953499590212,5.422432342326071,1171.1485246260063
177,1159.8,0.01724433760619671,0.025873198901937518,31.41855164807859,5.392258603588495,1170.0677127568629
178,1161.9,0.24098438679370743,0.18106554486503604,35.63073108265262,5.414240131903605,1169.2898353514474
179,1161.0,0.1378121121342625,-0.07745926718370075,34.648546462831845,5.213222979624769,1168.5003272227382
180,1157.7,0.285047693661831,-0.28423748127692866,31.247307745008346,5.126564195365857,1167.4717246300966
181,1158.9,0.017257729521315286,0.10365370678612573,33.792447400435876,4.967523895696857,1166.6553699034207
182,1156.0,0.25951534644001173,-0.2588436075551272,30.822858967612316,4.862700760289939,1165.6405727697615
183,1153.8,0.24267616339385686,-0.2248355025635689,28.75820285842269,4.758222134554933,1164.5128991726415
184,1157.8,0.0172741256917247,0.3379839344969684,37.01873759415717,4.7754919820867245,1163.8735754419138
185,1159.2,0.05175978971721979,0.12091887984205325,39.65603941198941,4.591528269080533,1163.4284730188745
186,1157.0,0.19014676737531302,-0.1897858956298386,37.031804684454585,4.627847678431934,1162.8162374932674
187,1155.8,0.2422562361513751,-0.10371641856835435,35.64616779617574,4.554429987115361,1162.1480243986705
188,1154.0,0.20797209014551035,-0.16437393859855567,33.61439208937708,4.436256416607128,1161.3720220749876
189,1151.9,0.1909886353080532,-0.1906245640546034,31.36802096088143,4.333666672563761,1160.4699247345127
190,1153.4,0.0693600924569993,0.1302195240736834,34.72361188314297,4.316976195952074,1159.796598569321
191,1152.6,0.1821966144398744,-0.11266131149900917,33.77514298074079,4.187192181955497,1159.1112082293857
192,1152.2,0.16490178362975413,-0.03470411703615246,33.285579501063374,4.18096416895867,1158.4529979218253
193,1153.5,0.0780233393815949,0.11282753616773068,36.50670557037687,4.110895299747339,1157.9812838340324
194,1152.0,0.17361096040715243,-0.1300388989693117,34.44042587547114,3.988688492622536,1157.4116377546009
195,1151.0,0.09556898734231413,-0.08680548020357622,33.095558068330156,3.818067886006634,1156.801005587496
196,1151.6,0.052101378863003464,0.05212853855034957,34.74212705965973,3.6953487512918843,1156.3056717220202
197,1151.5,0.14763339328407404,0.017371651722707222,34.58933505599443,3.6171095547710452,1155.8479887008755
198,1150.8,0.5995823778394432,-0.060790220764032815,33.47938257714789,3.9087445865731167,1155.3672278722206
199,1151.0,0.05212853855034957,0.017379199357668743,34.12976385593901,3.7581199732464623,1154.9513014081997
200,1161.9,0.2668041425216012,0.29348269876332356,58.14687740220993,4.489682832300287,1155.6130822264663
201,1168.2,0.14552290230876755,0.5422148702858466,65.88848761154846,4.897562629993126,1156.8118363001363
202,1172.3,0.3923906914691821,0.3337895123335108,69.80314005977307,5.169165299279334,1158.2868995096471
203,1175.7,0.07655007523170122,0.27292087597367043,72.61025366623444,5.121367777902239,1159.945290032538
204,1175.1,0.15317832254420533,-0.06803293814701933,71.34973983550874,4.9626986509092275,1161.3885957437249
205,1174.0,0.24701852894504273,-0.09360897488810827,68.9852785807818,4.886791604415718,1162.58968186337
206,1174.3,0.01703140847193739,0.008516429469904135,69.28423944091254,4.902020775528874,1163.7049502573348
207,1176.6,0.11048775243265832,0.1958611974272316,71.54857959148174,4.901876434419675,1164.9330502328266
208,1172.8,0.35811702070513635,-0.3399045378105559,63.252067277401295,4.951742403389692,1165.682283543986
209,1173.1,0.10229298244567567,0.034109291285661356,63.61081505180417,4.748046517433279,1166.388732730273
210,1175.1,0.059569347656077694,0.16195008357475518,65.99424375226603,4.601757480473763,1167.2183772321516
211,1177.2,0.08494726049332271,0.1787080429682331,68.3391545507941,4.537346231868498,1168.1690079719467
212,1176.2,0.10202337865722316,-0.08494726049332271,66.0050700535484,4.341821501020761,1168.933864355571
213,1176.1,0.11053472448371202,-0.00850194822144654,65.76318196965974,4.174548536662136,1169.616353464564
214,1176.6,0.11048775243265832,0.025503676354942703,66.425701690959,4.026366498329136,1170.2814626584152
215,1177.0,0.01699233900396393,0.02549500680291378,66.97626376728788,3.860197462734201,1170.9213233576138
216,1177.0,0.09345786452177263,-0.008495447714334544,66.97626376728788,3.691611929681758,1171.5002449426029
217,1172.3,0.42651162116214186,-0.4077814902884251,54.743164948728705,3.820782506133061,1171.5764120909264
218,1172.6,0.0767524503219843,0.025590697269724627,55.30432806432103,3.676440898552125,1171.6738966536952
219,1170.5,0.18795370529372,-0.17908905075127082,50.576751276160834,3.663837977226973,1171.562096972391
220,1168.2,0.2568051217213476,-0.17091080933959207,45.944363223169766,3.6307066931393353,1171.2418972607347
221,1170.0,0.0769230111769213,0.15408307303280466,49.818102894897024,3.635656215057957,1171.1236213311408
222,1168.6,0.14547309132886638,-0.11965801738631769,46.99711724387623,3.611680771125243,1170.8832764424608
223,1167.4,0.18845281098781122,-0.10268688799682853,44.662607657667834,3.5179892874734366,1170.551535828893
224,1167.1,0.07711414864695439,-0.02569811058926469,44.07318936038786,3.473847195511055,1170.2228181309033
225,1161.8,0.7402300393957431,-0.48822227989526734,35.228005070763935,3.9971438244031354,1169.420644975579
226,1170.4,0.2648664859308826,0.7836039063085399,52.04572170834814,4.590204979802908,1169.5139168826668
227,1173.4,0.13635577266423918,0.23919337160998344,56.307529384018416,4.6909046241027,1169.8840200366985
228,1172.3,0.1450139511951321,-0.1022581148205281,54.39851310896129,4.605840008095364,1170.1141133665367
229,1171.4,0.13658858068243998,-0.0767720918091739,52.82060736491624,4.483994293231416,1170.2365787601998
230,1169.0,0.27373800364585194,-0.21340143969147274,48.75896291397363,4.449423272286315,1170.1188093544665
231,1168.3,0.11127269427998046,-0.06842864731104965,47.609064067664036,4.274464467123006,1169.945589415946
232,1168.6,0.17970205399448885,0.025678314064607882,48.17317906587405,4.1477170051856485,1169.8174380429987
233,1165.7,0.32598410741690664,-0.2566952539614495,43.31763747463781,4.137165790529531,1169.4253010865227
234,1167.4,0.162754700398566,0.12006850765994978,46.708615542683916,4.148796805491704,1169.2324152687586
235,1175.2,0.017018365368991813,0.6595283430164124,58.86747357356232,4.423882747956583,1169.800756671734
236,1175.9,0.051024703610245165,0.059564278791461665,59.754909114592856,4.37931969453111,1170.3816369887118
237,1178.2,0.025462548410666305,0.20411617271971116,62.609398079292134,4.337939716350313,1171.1262429897868
238,1183.5,0.11829309818919384,0.4498383552551691,68.20565950149162,4.528086879468147,1172.3046960383786
239,1182.9,0.16062206389206396,-0.05069704208107209,66.9834017484055,4.46179495950613,1173.313772606152
240,1184.9,0.0,0.1690758567285005,68.97895033339184,4.478809605255695,1174.4172228341376
241,1183.7,0.17740966679929382,-0.07597494852696086,66.38629752680194,4.344608919165997,1175.301296849934
242,1187.3,0.05053478435545296,0.3041308573702235,70.02609370338234,4.469993996368435,1176.4440304832735
243,1187.5,0.159999865263279,0.016844928118484315,70.21902902546204,4.3935658537706965,1177.496979961057
244,1184.5,0.4474458020719235,-0.235828993658723,63.60542070452888,4.458311149929929,1178.16393425048
245,1181.6,0.30467137383940407,-0.25324982842324123,57.92582638671626,4.504146067792087,1178.4911786075772
246,1185.9,0.07589166380666375,0.32994895943405217,63.17637693545773,4.560992777235506,1179.1967806449509
247,1183.6,0.27881017336080166,-0.19394536306151877,58.93955542136554,4.556636150290113,1179.6161348692413
248,1180.9,0.2286389798975374,-0.2281174145679007,54.33306405677391,4.481162139555105,1179.7384077388374
249,1182.6,0.18603062233162712,0.14395787623177708,56.631375575210065,4.503936272444022,1180.0109403351387
